geneID,KEGGID,S2_1,S2_2,S2_3,CPSF1_1,CPSF1_2,CPSF1_3
gene0,--,0,0,0,0,0,0
gene1,--,0,0,0,0,0,0
gene10,MMP0005,688,293,479,568,556,564
gene100,MMP0088,2356,1047,1743,2331,2040,2063
gene1000,MMP0971,5266,2943,4024,3987,3748,3672
gene1001,MMP0972,836,272,518,843,703,704
gene1002,MMP0973,62,19,36,66,55,72
gene1003,MMP0974,54,38,32,65,45,48
gene1004,MMP0975,1133,583,828,468,355,318
gene1005,MMP0976,485,214,354,878,769,827
gene1006,MMP0977,492,234,337,813,793,815
gene1007,MMP0978,379,108,207,330,241,181
gene1008,MMP0979,1310,445,927,501,359,262
gene1009,MMP0980,6523,4338,5936,2868,1760,1448
gene101,MMP0089,426,102,192,514,413,388
gene1010,MMP0981,5116,4662,5165,2253,1204,1144
gene1011,MMP0982,1817,790,1444,850,459,414
gene1012,MMP0983,5651,3298,5091,2619,1400,1413
gene1013,MMP0984,1634,743,1336,733,415,419
gene1014,MMP0985,12417,8925,11315,4289,3435,3484
gene1015,MMP0986,926,237,554,1172,882,969
gene1016,MMP0987,948,430,698,1269,1094,1163
gene1017,MMP0988,144,78,130,429,404,447
gene1018,MMP0989,7099,4397,6107,3786,3628,3470
gene1019,MMP0990,666,362,468,325,300,300
gene102,MMP0090,190,42,96,928,803,823
gene1020,MMP0991,2977,1317,2076,1564,1473,1456
gene1021,MMP0992,4326,989,2293,2616,2311,2491
gene1022,MMP0993,75,18,37,105,96,104
gene1023,MMP0994,22,17,6,37,36,31
gene1024,MMP0995,66,42,61,121,119,111
gene1025,MMP0996,202,52,153,355,354,353
gene1026,MMP0997,724,356,539,666,591,583
gene1027,MMP0998,88,106,108,180,188,157
gene1028,MMP0999,593,237,427,720,615,656
gene1029,MMP1000,83,14,36,87,63,81
gene103,MMP0091,3596,2109,2844,8811,8386,8634
gene1030,MMP1001,712,354,540,735,687,719
gene1031,MMP1002,797,458,649,427,429,360
gene1032,MMP1003,1008,1022,1011,540,597,526
gene1033,MMP1004,284,144,219,151,159,134
gene1034,MMP1005,303,264,278,186,182,152
gene1035,MMP1006,899,688,803,453,454,404
gene1036,MMP1007,717,383,535,339,326,275
gene1037,MMP1008,356,250,296,223,259,201
gene1038,MMP1009,697,294,477,891,801,783
gene1039,MMP1010,338,137,257,608,550,551
gene104,MMP0092,2724,627,1520,3330,2860,2966
gene1040,MMP1011,4562,2564,3784,3000,2634,2556
gene1041,MMP1012,657,370,526,501,476,464
gene1042,MMP1013,14657,8982,11467,9417,9343,8804
gene1043,MMP1014,1498,756,1034,2147,2056,2282
gene1044,MMP1015,1943,617,1062,2074,1781,1932
gene1045,MMP1016,8490,4135,6286,7593,7330,7074
gene1046,MMP1017,4298,2695,3789,2074,1953,1999
gene1047,MMP1018,4436,2733,3477,3570,3562,3544
gene1048,MMP1019,339,142,211,763,670,742
gene1049,MMP1020,464,176,308,733,1166,972
gene105,MMP0093,12893,7833,9914,8136,7403,7927
gene1050,MMP1021,4736,2168,2289,2404,4512,3178
gene1051,MMP1022,3285,1346,1590,1831,3254,2324
gene1052,MMP1023,1335,351,531,781,1316,959
gene1053,MMP1024,1867,969,1393,6168,6084,5935
gene1054,MMP1025,447,118,222,996,838,962
gene1055,MMP1026,2959,2194,2749,2927,3029,2990
gene1056,MMP1027,447,253,371,408,408,393
gene1057,MMP1028,2056,997,1466,2445,2279,2423
gene1058,MMP1029,368,62,160,451,382,415
gene1059,MMP1030,5426,2462,3792,7236,6902,6818
gene106,MMP0094,2989,2001,2325,2907,2767,2894
gene1060,MMP1031,7019,4654,5584,7372,6610,6444
gene1061,MMP1032,5001,3047,4168,4533,4451,4620
gene1062,MMP1033,7383,3634,5379,8077,7270,7513
gene1063,MMP1034,698,242,442,891,755,845
gene1064,MMP1035,1926,1209,1741,1725,1625,1546
gene1065,MMP1036,4694,2886,4010,4052,3710,3615
gene1066,MMP1037,98,27,61,528,450,457
gene1067,MMP1038,9774,3722,6923,5622,4606,5244
gene1068,MMP1039,93077,57045,84192,54293,48344,48583
gene1069,MMP1040,18993,14032,17496,10667,9431,9539
gene107,MMP0095,1524,720,1185,1101,1010,1013
gene1070,MMP1041,20727,13093,18657,12065,10620,10609
gene1071,MMP1042,45541,24052,37883,26555,22632,22111
gene1072,MMP1043,3117,1750,2429,1734,1301,1461
gene1073,MMP1044,74264,55883,71502,43072,38652,36773
gene1074,MMP1045,68086,72418,71809,39147,36854,33698
gene1075,MMP1046,22043,14942,19586,12606,11752,10802
gene1076,MMP1047,13707,5030,9904,7179,6113,6213
gene1077,MMP1048,483,213,345,1043,887,1103
gene1078,MMP1049,2188,954,1594,1792,1580,1516
gene1079,MMP1050,2282,1154,1873,2500,2342,2413
gene108,MMP0096,535,258,485,4006,3803,4073
gene1080,MMP1051,1024,525,782,1209,1130,1081
gene1081,MMP1052,1528,609,1072,2214,2229,1948
gene1082,MMP1053,7996,5738,7041,6270,7953,6425
gene1083,MMP1054,6233,6228,6568,4980,5930,4987
gene1084,MMP1055,88,43,54,79,71,77
gene1085,MMP1056,1684,1245,1423,1542,1549,1577
gene1086,MMP1057,519,251,378,272,257,277
gene1087,MMP1058,302,102,188,430,369,377
gene1088,--,3,1,2,22,23,19
gene1089,MMP1059,280,244,332,432,427,469
gene109,MMP0097,211,117,179,239,182,166
gene1090,MMP1060,1045,593,851,1150,966,1070
gene1091,MMP1061,225,104,186,280,230,236
gene1092,MMP1062,2036,965,1423,2273,2010,1950
gene1093,MMP1063,2665,1541,1874,4127,3807,3911
gene1094,MMP1064,667,383,597,753,675,734
gene1095,MMP1065,494,220,393,270,253,294
gene1096,MMP1066,526,275,322,433,403,409
gene1097,MMP1067,1157,597,860,2951,2819,2829
gene1098,MMP1068,790,231,441,1437,1200,1173
gene1099,MMP1069,1868,1260,1732,3002,2633,2714
gene11,MMP0006,6776,4400,4888,3545,3392,3391
gene110,MMP0098,5061,3302,2422,3256,3003,3319
gene1100,MMP1070,1413,1026,1178,1794,1701,1823
gene1101,MMP1071,811,430,636,604,547,535
gene1102,MMP1072,2032,1061,1651,1982,1741,1926
gene1103,MMP1073,805,328,509,235,296,321
gene1104,MMP1074,295,74,154,108,108,110
gene1105,MMP1075,746,207,395,428,378,424
gene1106,MMP1076,2091,1188,1734,1420,1395,1464
gene1107,MMP1077,2920,1394,2365,2279,2072,2220
gene1108,MMP1078,120,72,66,90,63,89
gene1109,MMP1079,1449,536,796,1416,1299,1244
gene111,MMP0099,2130,758,1494,1547,1349,1443
gene1110,MMP1080,2092,862,1434,2338,2171,2218
gene1111,MMP1081,2279,1138,1699,2406,2322,2327
gene1112,MMP1082,674,446,508,703,630,615
gene1113,MMP1083,912,392,639,830,824,869
gene1114,MMP1084,1288,626,1010,1216,1102,1211
gene1115,MMP1085,921,510,776,671,733,721
gene1116,MMP1086,1386,600,909,1033,1008,1059
gene1117,MMP1087,1962,938,1402,1836,1616,1804
gene1118,MMP1088,1230,509,814,839,696,775
gene1119,MMP1089,1127,511,867,1069,856,1038
gene112,MMP0100,3704,1499,2700,2007,1868,2074
gene1120,MMP1090,1638,1244,1654,926,922,990
gene1121,MMP1091,2293,1384,1938,1233,1139,1185
gene1122,MMP1092,741,347,502,602,525,530
gene1123,MMP1093,58,38,52,68,65,81
gene1124,MMP1094,14566,9992,13571,7397,7137,7033
gene1125,MMP1095,860,349,462,197,186,208
gene1126,MMP1096,118,60,89,154,128,145
gene1127,MMP1097,134,46,87,117,111,100
gene1128,MMP1098,203,138,160,175,159,200
gene1129,MMP1099,208,98,165,196,160,197
gene113,MMP0101,3062,1286,2285,1555,1421,1515
gene1130,MMP1100,6711,4710,7163,2790,2662,2874
gene1131,MMP1101,2802,1328,1993,970,802,922
gene1132,MMP1102,442,200,310,320,339,367
gene1133,MMP1103,380,107,206,239,226,261
gene1134,MMP1104,565,282,450,342,401,389
gene1135,MMP1105,1739,1390,1621,982,1114,1066
gene1136,MMP1106,270,65,176,183,176,152
gene1137,MMP1107,209,24,87,259,189,251
gene1138,MMP1108,1471,612,942,1769,1718,1666
gene1139,MMP1109,2470,627,1332,3049,2842,2880
gene114,MMP0102,332,235,313,419,430,361
gene1140,MMP1110,449,139,342,538,480,547
gene1141,MMP1111,856,352,601,874,735,848
gene1142,MMP1112,1207,378,757,1094,836,979
gene1143,MMP1113,3176,1486,2350,1806,1760,1748
gene1144,MMP1114,1553,727,1181,935,954,837
gene1145,MMP1115,2728,1799,2325,1844,1781,1806
gene1146,MMP1116,7600,5575,6829,4590,4747,4634
gene1147,MMP1117,1460,531,978,1185,1046,1087
gene1148,MMP1118,748,134,376,475,379,436
gene1149,MMP1119,329,149,244,1072,1025,1032
gene115,MMP0103,5983,8579,8161,3416,3358,3141
gene1150,MMP1120,3952,1763,2699,3218,2938,2995
gene1151,MMP1121,416,153,292,2387,2313,2254
gene1152,MMP1122,2640,1444,2225,7861,7080,7013
gene1153,MMP1123,1298,686,1065,10121,9201,9463
gene1154,MMP1124,297,137,193,289,267,235
gene1155,MMP1125,82,28,52,100,103,112
gene1156,MMP1126,1226,436,770,1098,971,1068
gene1157,MMP1127,1477,769,1083,2872,2633,2756
gene1158,MMP1128,635,349,475,2547,2605,2588
gene1159,MMP1129,2163,1123,1557,2835,2775,2783
gene116,--,10,0,6,3,13,7
gene1160,MMP1130,251,113,145,853,802,860
gene1161,MMP1131,3159,1018,1946,3452,3357,3253
gene1162,MMP1132,580,194,397,818,740,756
gene1163,MMP1133,1908,991,1348,2151,2065,2138
gene1164,MMP1134,79,26,34,101,113,149
gene1165,MMP1135,93,69,64,104,126,110
gene1166,MMP1136,2071,1262,1563,1141,1223,1084
gene1167,MMP1137,1500,862,1118,954,903,961
gene1168,MMP1138,1550,837,1146,1352,1483,1446
gene1169,MMP1139,648,355,435,605,598,522
gene117,--,0,0,0,0,0,0
gene1170,MMP1140,1358,370,774,646,530,909
gene1171,MMP1141,1194,690,922,1508,1481,1397
gene1172,MMP1142,112,37,84,172,148,132
gene1173,MMP1143,357,135,204,361,314,335
gene1174,MMP1144,703,196,369,1062,973,968
gene1175,MMP1145,1480,554,1026,1205,1051,1052
gene1176,MMP1146,7271,4013,5600,28105,27477,27540
gene1177,MMP1147,7811,7179,6229,6643,6334,6564
gene1178,MMP1148,3481,2559,2623,2797,2829,2798
gene1179,MMP1149,10468,5687,7870,7475,7301,7322
gene118,--,0,0,0,0,0,0
gene1180,MMP1150,298,153,211,604,350,418
gene1181,MMP1151,81,45,70,241,178,162
gene1182,MMP1152,675,228,422,719,455,553
gene1183,MMP1153,8727,5907,7240,2809,2584,2860
gene1184,MMP1154,2544,1840,2378,1383,1318,1482
gene1185,MMP1155,7897,8509,9108,3307,3680,3767
gene1186,MMP1156,1635,2626,1905,672,689,817
gene1187,MMP1157,1681,1141,1791,714,721,775
gene1188,MMP1158,1080,1394,1350,422,450,621
gene1189,MMP1159,2715,2553,2937,1082,1133,1265
gene119,--,0,0,0,0,0,0
gene1190,MMP1160,424,666,438,125,130,226
gene1191,MMP1161,1417,1127,1328,585,549,584
gene1192,MMP1162,1887,1622,2162,3100,3304,3573
gene1193,MMP1163,503,356,441,517,508,549
gene1194,MMP1164,111,68,110,248,192,264
gene1195,MMP1165,2255,1612,2293,4327,3975,4522
gene1196,MMP1166,521,512,562,523,481,531
gene1197,MMP1167,703,589,758,650,583,722
gene1198,MMP1168,4825,3303,4363,3054,2847,2977
gene1199,MMP1169,11301,6330,9270,7127,6446,6697
gene12,MMP0007,2086,1181,1641,2565,2554,2424
gene120,--,0,0,0,0,0,0
gene1200,MMP1170,540,314,508,573,554,560
gene1201,MMP1171,705,332,487,844,735,884
gene1202,MMP1172,44,51,45,104,73,63
gene1203,MMP1173,134,90,110,254,237,226
gene1204,MMP1174,8027,4741,6728,4233,4107,4216
gene1205,MMP1175,1690,592,993,1393,1085,1021
gene1206,MMP1176,739,652,546,715,488,381
gene1207,MMP1177,1467,726,1053,1343,1067,892
gene1208,MMP1178,10408,5259,6593,7946,6464,5860
gene1209,MMP1179,54,34,33,673,561,485
gene121,--,0,0,0,0,0,0
gene1210,MMP1180,613,330,475,2638,2045,1895
gene1211,MMP1181,1482,885,1154,1617,1292,1134
gene1212,MMP1182,9913,4438,7160,7533,6106,5776
gene1213,MMP1183,7328,4589,5997,5470,4514,4113
gene1214,MMP1184,178,32,87,87,71,98
gene1215,MMP1185,2527,709,1428,2308,1929,2027
gene1216,MMP1186,14113,6901,10683,11824,11290,10887
gene1217,MMP1187,974,374,639,1570,1461,1452
gene1218,MMP1188,10929,3991,7361,6006,5161,5582
gene1219,MMP1189,2416,962,1443,1074,1148,1142
gene122,--,0,0,0,0,0,0
gene1220,MMP1190,4312,1700,2741,968,959,956
gene1221,MMP1191,13889,8055,10605,3519,3632,3817
gene1222,MMP1192,410,172,273,416,456,360
gene1223,MMP1193,918,881,958,1075,1121,1070
gene1224,MMP1194,312,167,256,262,202,246
gene1225,MMP1195,255,70,132,117,109,115
gene1226,MMP1196,984,492,683,522,452,460
gene1227,MMP1197,1041,361,699,910,893,891
gene1228,MMP1198,1326,659,841,902,864,852
gene1229,MMP1199,932,465,735,1028,890,960
gene123,--,0,0,0,0,0,0
gene1230,MMP1200,4510,2640,3518,3287,3153,3306
gene1231,MMP1201,232,86,154,326,324,392
gene1232,MMP1202,81,38,59,92,72,115
gene1233,MMP1203,335,125,244,460,425,486
gene1234,MMP1204,789,352,508,695,657,642
gene1235,MMP1205,1902,1129,1490,1083,961,1024
gene1236,MMP1206,33215,23928,26679,11148,11006,10204
gene1237,MMP1207,7125,2247,4529,4449,4078,4124
gene1238,MMP1208,14167,10212,12974,21739,21486,20492
gene1239,MMP1209,1271,416,876,7133,6474,6571
gene124,MMP0104,355,125,206,2080,1867,2067
gene1240,MMP1210,13149,6171,11347,7936,6652,7656
gene1241,MMP1211,32999,29752,34122,17375,14472,14703
gene1242,MMP1212,37114,37290,39560,20319,16892,16491
gene1243,MMP1213,13705,8497,11684,7049,5507,5676
gene1244,MMP1214,105,74,95,183,169,182
gene1245,MMP1215,861,589,747,1281,1346,1296
gene1246,MMP1216,1444,775,1109,3058,3007,3036
gene1247,MMP1217,1834,851,1270,1841,1629,1718
gene1248,MMP1218,3866,3012,3588,4166,4019,4014
gene1249,MMP1219,2646,1109,1748,2895,2864,2804
gene125,MMP0105,2037,1020,1829,2928,2736,2948
gene1250,MMP1220,1574,856,1169,3255,3238,2987
gene1251,MMP1221,284,152,203,368,329,360
gene1252,MMP1222,6280,3147,4703,7862,7309,7457
gene1253,MMP1223,3312,3078,3344,3436,3200,3075
gene1254,MMP1224,4984,2549,3633,5214,4867,4601
gene1255,MMP1225,568,328,529,2037,1820,1812
gene1256,MMP1226,309,121,242,147,164,185
gene1257,MMP1227,228,62,145,312,257,296
gene1258,MMP1228,260,104,202,300,255,275
gene1259,MMP1229,611,394,619,334,361,335
gene126,MMP0106,256,107,284,1602,1540,1556
gene1260,MMP1230,1476,741,1150,1465,1234,1373
gene1261,MMP1231,389,221,310,505,438,446
gene1262,MMP1232,322,140,161,235,217,198
gene1263,MMP1233,515,367,396,254,247,217
gene1264,MMP1234,656,231,450,573,502,488
gene1265,MMP1235,376,173,230,262,220,230
gene1266,MMP1236,276,86,195,280,253,239
gene1267,MMP1237,126,30,40,98,89,103
gene1268,MMP1238,229,105,168,499,451,456
gene1269,MMP1239,156,91,106,339,257,312
gene127,MMP0107,51,12,34,481,444,445
gene1270,MMP1240,2260,1220,1662,1758,1740,1624
gene1271,MMP1241,506,210,319,425,367,409
gene1272,MMP1242,2470,1548,1984,1823,1764,1691
gene1273,MMP1243,210,151,187,300,331,341
gene1274,MMP1244,4041,3686,4002,2548,2806,2857
gene1275,MMP1245,9573,8132,9589,5917,6542,6470
gene1276,MMP1246,110,71,82,70,68,89
gene1277,MMP1247,2198,2197,2169,1271,1369,1365
gene1278,MMP1248,17069,16032,18108,10408,11570,11465
gene1279,MMP1249,7816,5699,7568,4602,4695,5017
gene128,MMP0108,1157,666,984,3471,3194,3157
gene1280,MMP1250,1073,471,741,864,800,805
gene1281,MMP1251,1799,1284,1674,1472,1548,1481
gene1282,MMP1252,3095,2527,2671,2405,2418,2539
gene1283,MMP1253,954,428,659,1130,1179,1162
gene1284,MMP1254,2445,1798,2151,2140,2145,2030
gene1285,MMP1255,4174,1943,2936,3791,3711,3842
gene1286,MMP1256,170,82,102,747,677,762
gene1287,MMP1257,769,454,706,1242,1244,1238
gene1288,MMP1258,1954,1704,2063,2851,2968,2942
gene1289,MMP1259,8315,5379,6896,5048,5175,4984
gene129,MMP0109,91,43,65,897,713,718
gene1290,MMP1260,32220,17256,24072,10868,10199,10353
gene1291,MMP1261,2402,1371,1825,1911,1858,1832
gene1292,MMP1262,537,240,351,670,597,693
gene1293,MMP1263,496,214,363,982,812,844
gene1294,MMP1264,1249,759,1127,2271,2159,2110
gene1295,MMP1265,3546,2815,3190,3043,3297,3020
gene1296,MMP1266,2212,1528,1895,2224,2277,2085
gene1297,MMP1267,646,217,397,551,504,470
gene1298,MMP1268,363,202,238,127,158,162
gene1299,MMP1269,49,20,40,23,19,19
gene13,MMP0008,1607,907,1139,1492,1293,1329
gene130,MMP0110,128,69,91,646,529,594
gene1300,MMP1270,832,764,1199,3765,2345,2276
gene1301,MMP1271,3767,3796,4556,4329,2607,2702
gene1302,MMP1272,2405,2289,2753,3339,1973,2170
gene1303,MMP1273,223,214,267,366,185,210
gene1304,MMP1274,12903,8819,12198,7477,5210,5481
gene1305,MMP1275,4183,2892,3557,2422,2103,2373
gene1306,MMP1276,281,101,154,130,103,121
gene1307,MMP1277,445,703,697,656,623,623
gene1308,MMP1278,40,73,76,48,59,67
gene1309,MMP1279,130,52,105,167,157,169
gene131,MMP0111,42,18,18,159,107,132
gene1310,--,12,1,5,110,98,114
gene1311,MMP1280,50,13,20,146,102,125
gene1312,MMP1281,255,65,156,609,545,574
gene1313,MMP1282,887,414,640,858,739,737
gene1314,MMP1283,196,192,182,145,144,168
gene1315,MMP1284,2540,1050,1664,2487,2143,2164
gene1316,MMP1285,240,49,93,416,342,351
gene1317,--,0,1,0,1,1,2
gene1318,--,1,1,3,0,5,3
gene1319,MMP1286,5652,4184,4827,4761,4776,4495
gene132,MMP0112,494,205,366,1019,872,954
gene1320,MMP1287,384,166,257,282,237,285
gene1321,MMP1288,3050,1950,2507,3736,3662,3414
gene1322,MMP1289,15234,8563,12057,12511,11816,11424
gene1323,MMP1290,2227,1084,1634,1747,1618,1615
gene1324,MMP1291,1503,684,1075,1535,1438,1657
gene1325,MMP1292,1317,689,981,1556,1562,1510
gene1326,MMP1293,905,1384,1560,694,748,794
gene1327,MMP1294,1469,813,1179,937,896,929
gene1328,MMP1295,1127,665,836,651,537,615
gene1329,MMP1296,686,337,444,472,428,541
gene133,MMP0113,681,328,503,1206,1002,1118
gene1330,MMP1297,60470,47522,56676,84814,78134,52316
gene1331,MMP1298,105511,72536,97576,152116,126362,90482
gene1332,MMP1299,16846,17316,17615,12121,8408,6632
gene1333,MMP1300,17910,10749,15590,12758,8816,7814
gene1334,MMP1301,70435,47582,57086,46613,34994,30343
gene1335,MMP1302,32694,16186,23722,18774,16366,14448
gene1336,MMP1303,4662,2582,3768,6124,5849,6137
gene1337,MMP1304,623,269,365,853,803,831
gene1338,MMP1305,2052,935,1440,2850,2655,2766
gene1339,MMP1306,1866,963,1304,2709,2468,2612
gene134,MMP0114,69,21,38,119,130,114
gene1340,MMP1307,1398,1010,1259,2880,2830,2752
gene1341,MMP1308,8688,6040,6919,6148,5992,5671
gene1342,MMP1309,81,16,31,493,408,449
gene1343,MMP1310,3181,1924,2588,4063,3809,3883
gene1344,MMP1311,59,64,36,48,35,45
gene1345,MMP1312,822,246,592,1582,1389,1506
gene1346,MMP1313,1470,525,867,3505,3112,3388
gene1347,MMP1314,10187,5902,8041,14210,13757,13652
gene1348,MMP1315,1597,478,966,1524,1406,1353
gene1349,MMP1316,3435,1975,2820,3519,3528,3432
gene135,MMP0115,509,255,377,284,303,310
gene1350,MMP1317,2042,819,1404,2467,2253,2338
gene1351,MMP1318,6657,3968,5135,4886,5215,4972
gene1352,--,20,1,8,12,7,10
gene1353,--,53,6,14,49,31,39
gene1354,MMP1319,19008,16653,18053,14420,14233,13432
gene1355,MMP1320,20785,18341,19874,15748,15834,14514
gene1356,MMP1321,12073,12494,12635,8772,9027,8593
gene1357,MMP1322,11600,4265,7902,8620,7833,7447
gene1358,MMP1323,9435,5115,7734,6958,6780,6380
gene1359,MMP1324,7310,4185,5558,5170,5073,5206
gene136,MMP0116,2397,2090,2511,2961,2798,2751
gene1360,MMP1325,13972,9701,11956,9356,9363,8830
gene1361,MMP1326,1254,300,631,1649,1379,1682
gene1362,--,0,0,0,0,0,0
gene1363,MMP1327,759,1067,645,658,707,747
gene1364,MMP1328,4744,2521,3597,9339,9422,9341
gene1365,MMP1329,716,299,397,1372,1356,1357
gene1366,MMP1330,2750,959,1643,2511,2076,2195
gene1367,MMP1331,181,81,129,337,299,343
gene1368,MMP1332,235,365,414,544,563,567
gene1369,MMP1333,365,270,341,222,209,236
gene137,MMP0117,510,215,360,373,363,401
gene1370,MMP1334,3383,1632,2385,3957,3618,3850
gene1371,MMP1335,556,274,424,614,481,559
gene1372,MMP1336,961,648,919,1005,975,997
gene1373,MMP1337,566,178,331,326,292,289
gene1374,MMP1338,17,5,15,80,56,55
gene1375,MMP1339,197,89,140,187,145,159
gene1376,MMP1340,445,194,291,491,468,565
gene1377,MMP1341,761,341,502,783,688,661
gene1378,MMP1342,140,69,113,127,116,128
gene1379,MMP1343,444,417,527,1247,1323,1360
gene138,MMP0118,282,153,215,296,242,276
gene1380,MMP1344,157,115,163,513,499,561
gene1381,MMP1345,907,608,832,2555,2435,2664
gene1382,MMP1346,365,166,243,2725,2478,2774
gene1383,MMP1347,8648,5184,3898,5758,5224,6503
gene1384,MMP1348,738,292,595,1560,1412,1484
gene1385,MMP1349,1197,753,1072,1374,1360,1328
gene1386,MMP1350,1008,450,719,1712,1570,1690
gene1387,MMP1351,358,93,188,655,517,542
gene1388,MMP1352,4358,2954,3711,2232,2138,2159
gene1389,MMP1353,828,408,593,587,542,604
gene139,MMP0119,278,97,184,291,307,312
gene1390,MMP1354,1700,788,1291,2209,2131,2137
gene1391,MMP1355,733,290,562,900,847,871
gene1392,MMP1356,728,191,495,1615,1279,1338
gene1393,MMP1357,25,2,11,80,63,54
gene1394,MMP1358,1740,1141,1525,1389,1257,1179
gene1395,MMP1359,6446,3878,5504,6066,5363,5485
gene1396,MMP1360,2229,1393,1807,8796,8400,8527
gene1397,MMP1361,11573,8472,10282,48296,46444,46421
gene1398,MMP1362,14552,10454,12888,58293,55290,54183
gene1399,MMP1363,22001,16331,19999,95991,89734,88163
gene14,MMP0009,939,624,779,647,682,676
gene140,MMP0120,180,88,122,180,174,183
gene1400,MMP1364,8850,4840,7024,34345,31045,31088
gene1401,MMP1365,5282,3280,4317,4965,4711,4939
gene1402,MMP1366,8231,4399,6419,8016,7537,7350
gene1403,MMP1367,9970,8821,8861,9516,9086,9188
gene1404,MMP1368,16507,12382,14753,17488,16826,16643
gene1405,MMP1369,85801,73507,79875,93816,90571,85873
gene1406,MMP1370,97000,104030,96624,87087,90159,83918
gene1407,MMP1371,9158,7769,7927,8885,9041,8631
gene1408,MMP1372,1472,469,882,4706,4329,4336
gene1409,MMP1373,17035,10919,14634,13099,13469,13031
gene141,MMP0121,54,8,32,66,45,80
gene1410,MMP1374,1476,535,1008,546,504,539
gene1411,MMP1375,4640,3041,3929,1323,1225,1121
gene1412,MMP1376,419,127,236,386,329,358
gene1413,MMP1377,613,261,410,1138,1031,1089
gene1414,MMP1378,105,9,53,116,111,140
gene1415,MMP1379,2583,1153,1881,981,881,978
gene1416,MMP1380,2463,743,1481,1900,1809,1875
gene1417,MMP1381,5328,2573,4044,3082,2813,2765
gene1418,MMP1382,54844,40647,48325,16710,15493,15374
gene1419,MMP1383,19803,18903,18720,6070,5753,5581
gene142,MMP0122,791,334,533,948,839,936
gene1420,MMP1384,23938,19415,21292,7256,7117,6833
gene1421,MMP1385,30665,16901,25031,9320,8361,8432
gene1422,MMP1386,949,452,740,1811,1530,1707
gene1423,MMP1387,978,407,636,1561,1419,1423
gene1424,MMP1388,113,40,66,247,240,247
gene1425,MMP1389,357,181,234,1134,1105,1093
gene1426,MMP1390,49,30,23,171,138,181
gene1427,MMP1391,2922,1724,2329,3818,3684,3559
gene1428,MMP1392,4058,2754,3523,6240,5748,5649
gene1429,MMP1393,183,83,110,136,130,134
gene143,MMP0123,3730,3175,3440,2191,2256,2222
gene1430,MMP1394,188,89,161,169,170,182
gene1431,MMP1395,961,575,771,872,945,931
gene1432,MMP1396,4566,1650,3421,1411,1341,1366
gene1433,MMP1397,3249,1836,2593,3473,3390,3334
gene1434,MMP1398,1035,539,839,1018,885,967
gene1435,MMP1399,648,254,493,601,503,585
gene1436,MMP1400,99,74,54,43,39,44
gene1437,MMP1401,5430,3357,4490,2946,2944,3115
gene1438,MMP1402,1232,884,1066,807,776,823
gene1439,MMP1403,10366,9027,10121,6773,6799,6547
gene144,MMP0124,408,158,264,529,482,525
gene1440,MMP1404,15495,12908,13553,10467,10098,9665
gene1441,MMP1405,1975,1159,1733,1271,1213,1355
gene1442,MMP1406,28922,15850,22983,33569,30899,32169
gene1443,MMP1407,18770,9676,14205,21879,19628,20281
gene1444,MMP1408,18580,29353,21341,20531,20597,19459
gene1445,MMP1409,12334,12994,13146,13540,13636,13028
gene1446,MMP1410,6755,4609,6006,7102,7045,6682
gene1447,MMP1411,27083,26657,27592,30988,30320,28812
gene1448,MMP1412,16405,18188,17070,17937,18025,17082
gene1449,MMP1413,259,542,289,206,221,255
gene145,MMP0125,1604,1199,1516,2105,1945,2157
gene1450,MMP1414,10402,14292,12794,11085,11669,10739
gene1451,MMP1415,13699,8477,13196,14795,14034,13489
gene1452,MMP1416,8615,6448,8341,9073,8605,8546
gene1453,MMP1417,12280,16158,14706,12940,13021,13131
gene1454,MMP1418,18884,21580,22416,19782,19904,18532
gene1455,MMP1419,19249,21154,20557,20586,19777,18777
gene1456,MMP1420,10387,9033,10518,11134,10898,10487
gene1457,MMP1421,12494,5253,10037,13578,11636,11759
gene1458,MMP1422,12523,8736,11006,14794,13744,13696
gene1459,MMP1423,392,144,225,258,277,277
gene146,MMP0126,954,626,760,1463,1410,1512
gene1460,MMP1424,26480,15061,22014,22450,20467,21490
gene1461,MMP1425,865,517,761,1950,1874,1851
gene1462,MMP1426,1102,654,831,1722,1673,1836
gene1463,MMP1427,5772,3553,4733,7789,7184,7147
gene1464,MMP1428,143,31,67,270,258,266
gene1465,MMP1429,4260,2582,2930,2516,2597,2444
gene1466,MMP1430,1099,629,977,8343,7915,7939
gene1467,MMP1431,1055,464,827,8828,8411,8565
gene1468,MMP1432,12623,9639,11439,30873,30149,28980
gene1469,MMP1433,15229,5609,10876,13945,12543,12770
gene147,MMP0127,10551,6710,8449,13379,11648,12915
gene1470,MMP1434,1994,1062,1597,8246,8013,8076
gene1471,MMP1435,1629,602,1061,1180,1026,1233
gene1472,MMP1436,14979,11559,13109,12973,12596,12278
gene1473,MMP1437,4811,2915,3912,5578,5593,5412
gene1474,MMP1438,1080,712,940,3852,3779,3962
gene1475,MMP1439,2125,1781,2146,2516,2456,2319
gene1476,MMP1440,1518,680,1013,1024,956,960
gene1477,MMP1441,2654,1783,2528,2336,2140,2143
gene1478,MMP1442,3231,1543,2340,2258,1902,2140
gene1479,MMP1443,1823,1373,1743,6165,6042,5767
gene148,MMP0128,306,109,196,336,276,256
gene1480,MMP1444,2098,1181,1734,5820,5570,5436
gene1481,MMP1445,1404,472,1005,3831,3453,3466
gene1482,MMP1446,296,203,264,232,215,234
gene1483,MMP1447,2655,750,1581,2848,2221,2607
gene1484,MMP1448,99,23,46,114,64,86
gene1485,MMP1449,1721,1054,1415,1841,1431,1583
gene1486,MMP1450,336,101,177,346,255,236
gene1487,MMP1451,373,161,280,406,291,311
gene1488,MMP1452,103,21,45,93,50,93
gene1489,MMP1453,1717,827,1431,2113,1493,1461
gene149,MMP0129,636,361,502,522,478,498
gene1490,MMP1454,2666,1149,2104,3383,2283,2470
gene1491,MMP1455,2167,842,1630,2627,1778,1825
gene1492,MMP1456,47,8,20,40,27,31
gene1493,MMP1457,3831,2437,3628,4467,3553,3170
gene1494,MMP1458,216,79,128,243,204,168
gene1495,MMP1459,629,529,543,694,609,459
gene1496,MMP1460,1469,920,1212,1745,1433,1245
gene1497,MMP1461,1809,1604,1785,2073,1797,1499
gene1498,MMP1462,4649,3195,4337,5709,5016,4104
gene1499,MMP1463,5439,3693,5098,6213,5943,4607
gene15,MMP0010,356,146,238,268,217,254
gene150,MMP0130,607,313,457,448,446,450
gene1500,MMP1464,826,398,602,917,786,684
gene1501,MMP1465,2543,2723,3002,2757,2819,2133
gene1502,MMP1466,3065,1674,2460,2471,2186,1948
gene1503,MMP1467,1475,752,1105,1286,1153,1046
gene1504,MMP1468,318,127,252,532,443,529
gene1505,MMP1469,1579,484,956,349,334,449
gene1506,MMP1470,4504,1170,2624,2924,2556,2653
gene1507,--,0,1,1,18,9,16
gene1508,MMP1471,613,342,451,1655,1489,1513
gene1509,MMP1472,1889,877,1213,1400,1282,1317
gene151,MMP0131,932,576,761,820,705,808
gene1510,MMP1473,1494,954,1024,956,891,1001
gene1511,MMP1474,17234,10451,13396,11186,11387,11587
gene1512,MMP1475,1281,855,1120,978,870,877
gene1513,MMP1476,264,105,150,245,177,195
gene1514,MMP1477,154,71,85,189,185,234
gene1515,MMP1478,439,243,354,550,514,568
gene1516,MMP1479,1422,771,1176,1138,1161,1130
gene1517,MMP1480,5114,3042,3984,6626,6160,5916
gene1518,MMP1481,5165,2575,4460,3785,3329,2853
gene1519,MMP1482,868,596,809,527,512,405
gene152,MMP0132,2311,1169,1844,1741,1674,1715
gene1520,MMP1483,573,246,392,494,482,436
gene1521,MMP1484,938,727,856,977,1002,960
gene1522,MMP1485,444,267,410,638,605,606
gene1523,MMP1486,1947,1346,1800,1427,1411,1513
gene1524,MMP1487,970,568,857,1833,1803,1835
gene1525,MMP1488,1262,1136,1446,1677,1501,1544
gene1526,MMP1489,3711,1618,2658,2136,1954,2018
gene1527,MMP1490,298,111,186,377,366,400
gene1528,MMP1491,1936,1082,1530,1981,2053,2076
gene1529,MMP1492,598,436,586,739,638,725
gene153,MMP0133,11993,8124,9750,8602,7793,7606
gene1530,MMP1493,9849,5343,7896,6886,6497,6937
gene1531,MMP1494,367,142,224,1159,1149,1229
gene1532,MMP1495,1106,739,969,670,676,739
gene1533,MMP1496,3001,1644,2275,1634,1561,1539
gene1534,MMP1497,793,337,559,475,400,479
gene1535,MMP1498,2296,996,1536,1576,1417,1438
gene1536,MMP1499,906,426,718,3026,2860,2899
gene1537,MMP1500,14829,9148,12991,10609,9880,10089
gene1538,--,0,0,0,0,1,0
gene1539,MMP1501,187,54,109,403,446,451
gene154,MMP0134,366,105,204,293,248,272
gene1540,MMP1502,5264,4166,4936,2578,1278,1144
gene1541,MMP1503,4367,4556,4121,2021,1032,960
gene1542,MMP1504,13144,13911,13378,6624,3183,3056
gene1543,MMP1505,11621,8558,11274,5534,2741,2922
gene1544,MMP1506,841,910,822,363,207,246
gene1545,MMP1507,3964,2983,4172,1578,938,962
gene1546,MMP1508,302,107,206,301,212,239
gene1547,MMP1509,2704,655,1386,2111,1653,1929
gene1548,MMP1510,8225,4320,6539,7003,5771,5968
gene1549,MMP1511,26593,14162,22207,7043,5318,5360
gene155,MMP0135,9251,4582,7722,6922,5931,5792
gene1550,MMP1512,760,526,645,213,229,233
gene1551,MMP1513,639,549,593,145,176,185
gene1552,MMP1514,902,376,635,602,534,538
gene1553,MMP1515,60972,49449,57386,50690,45634,41350
gene1554,MMP1516,1526,635,1051,1329,1197,1175
gene1555,MMP1517,1260,484,862,1415,1226,1238
gene1556,MMP1518,1892,792,1219,1225,1106,1072
gene1557,MMP1519,1339,465,849,949,915,845
gene1558,MMP1520,1634,848,1253,1370,1106,1212
gene1559,MMP1521,642,192,382,640,556,599
gene156,MMP0136,4032,2186,3064,2227,1973,1969
gene1560,MMP1522,705,344,487,866,724,731
gene1561,MMP1523,9606,6712,8549,6716,5742,5868
gene1562,MMP1524,7203,4962,6137,5170,4702,4496
gene1563,MMP1525,1822,1224,1413,1017,963,1009
gene1564,MMP1526,152,40,78,220,190,202
gene1565,MMP1527,6244,4338,5218,2719,2623,2693
gene1566,MMP1528,554,203,357,428,443,485
gene1567,MMP1529,52,14,27,125,113,117
gene1568,MMP1530,161,72,100,100,79,86
gene1569,MMP1531,1948,953,1376,1464,1354,1482
gene157,MMP0137,1575,919,1377,4570,3675,3882
gene1570,MMP1532,2227,1246,1708,1416,1398,1355
gene1571,MMP1533,3511,1906,2663,2975,2679,2956
gene1572,MMP1534,2834,1312,2058,2257,2067,2256
gene1573,MMP1535,13,2,9,30,16,14
gene1574,MMP1536,44,25,37,31,37,47
gene1575,MMP1537,2696,973,1887,700,499,559
gene1576,MMP1538,2601,966,1767,639,436,462
gene1577,MMP1539,197,118,190,327,255,313
gene1578,MMP1540,512,230,361,619,466,517
gene1579,MMP1541,1161,449,860,556,484,540
gene158,MMP0138,408,258,339,6691,5552,5432
gene1580,--,5,3,11,21,9,14
gene1581,MMP1542,167,61,90,92,86,92
gene1582,MMP1543,52522,29155,42987,42066,39901,38358
gene1583,MMP1544,28646,23460,26740,21004,20544,20334
gene1584,MMP1545,3756,3947,3084,2521,2423,2481
gene1585,MMP1546,23825,14577,19468,16820,16040,15972
gene1586,MMP1547,16790,4167,9429,11526,9922,11043
gene1587,MMP1548,570,185,382,402,367,385
gene1588,MMP1549,1320,591,1078,835,790,839
gene1589,MMP1550,2279,1087,1680,1361,1185,1294
gene159,MMP0139,482,198,355,3413,2569,2791
gene1590,MMP1551,4609,2368,3551,4271,4163,4158
gene1591,MMP1552,498,166,293,754,712,719
gene1592,MMP1553,2676,1002,2032,2403,2412,2392
gene1593,--,18,7,5,36,34,46
gene1594,--,3,0,1,6,0,1
gene1595,MMP1554,2032,923,1408,1701,1768,1661
gene1596,MMP1555,132121,125650,128964,61714,63416,64934
gene1597,MMP1556,35608,27189,32355,16967,16991,17777
gene1598,MMP1557,32428,20293,26347,14570,14376,15503
gene1599,MMP1558,72050,89565,76572,32389,34411,34822
gene16,MMP0011,1040,422,627,819,731,750
gene160,MMP0140,1023,399,666,2511,2381,2638
gene1600,MMP1559,176789,179011,179554,81040,83780,85635
gene1601,MMP1560,53431,38815,50626,28350,25820,28415
gene1602,MMP1561,30569,25652,31238,15310,14397,16011
gene1603,MMP1562,30387,21516,27516,15525,14171,15506
gene1604,MMP1563,5750,7457,6201,2978,2691,2951
gene1605,MMP1564,3407,3138,3242,1593,1426,1779
gene1606,MMP1565,3263,1320,2173,1535,1244,1544
gene1607,MMP1566,1876,1514,1450,890,764,970
gene1608,MMP1567,63219,64368,67061,32617,30886,32001
gene1609,MMP1568,2026,401,916,1139,856,902
gene161,MMP0141,9663,3560,6265,6974,5884,6324
gene1610,MMP1569,1344,895,1020,695,634,646
gene1611,MMP1570,179,110,145,176,155,140
gene1612,MMP1571,175,52,108,193,155,181
gene1613,MMP1572,66,5,36,66,48,43
gene1614,MMP1573,367,97,198,422,291,311
gene1615,MMP1574,230,127,152,454,391,452
gene1616,MMP1575,71,58,75,218,228,243
gene1617,MMP1576,822,331,471,3012,1538,1579
gene1618,MMP1577,1669,1106,1353,3477,3379,3400
gene1619,MMP1578,332,110,221,547,482,501
gene162,MMP0142,7149,2464,4594,5929,5564,5718
gene1620,MMP1579,28393,12470,18815,24324,21249,21893
gene1621,MMP1580,732,226,457,339,329,330
gene1622,MMP1581,1209,550,869,1349,1277,1319
gene1623,MMP1582,3244,1945,2510,1998,1770,1793
gene1624,MMP1583,2437,2404,2158,1530,1566,1516
gene1625,MMP1584,6886,4620,5341,3702,3565,3652
gene1626,MMP1585,1123,684,912,2365,2277,2323
gene1627,MMP1586,5679,2242,3528,3804,3490,4190
gene1628,MMP1587,298,163,246,287,283,315
gene1629,MMP1588,7215,3769,5457,3541,3444,3435
gene163,MMP0143,329,224,264,2484,2934,3038
gene1630,MMP1589,4977,2814,3639,3258,3101,3115
gene1631,MMP1590,552,221,353,1078,977,1052
gene1632,MMP1591,604,214,377,1544,1212,1213
gene1633,MMP1592,2946,1094,1966,2828,2480,2486
gene1634,MMP1593,2438,1296,1845,2539,2340,2342
gene1635,MMP1594,604,248,416,832,626,726
gene1636,MMP1595,4022,1941,2864,5542,4962,5303
gene1637,MMP1596,642,268,458,867,710,707
gene1638,MMP1597,543,264,349,434,450,442
gene1639,MMP1598,302,122,187,370,311,328
gene164,MMP0144,564,248,419,3315,3521,3859
gene1640,MMP1599,205,117,230,246,262,239
gene1641,MMP1600,531,101,267,463,433,455
gene1642,MMP1601,708,491,480,713,651,634
gene1643,MMP1602,86,21,39,229,199,241
gene1644,MMP1603,793,435,579,983,939,977
gene1645,MMP1604,855,396,748,1400,1377,1413
gene1646,MMP1605,429,172,347,977,854,926
gene1647,MMP1606,748,347,548,1038,950,995
gene1648,MMP1607,157,72,132,300,244,290
gene1649,MMP1608,1407,820,1063,1194,1215,1288
gene165,MMP0145,742,415,627,0,0,0
gene1650,MMP1609,20816,16643,18489,14806,15450,16266
gene1651,MMP1610,1101,546,753,2657,2917,2949
gene1652,MMP1611,1859,811,1138,2131,1892,2059
gene1653,MMP1612,222,95,149,839,870,916
gene1654,MMP1613,476,185,276,175,196,201
gene1655,MMP1614,1600,839,1271,2323,2311,2447
gene1656,MMP1615,1926,2613,2321,976,1063,1147
gene1657,MMP1616,4924,4722,5154,2712,3125,3010
gene1658,MMP1617,34,6,8,30,31,35
gene1659,MMP1618,629,396,560,623,610,617
gene166,MMP0146,1194,658,854,1038,941,1052
gene1660,MMP1619,1475,702,1043,925,914,954
gene1661,MMP1620,54,26,47,106,135,149
gene1662,MMP1621,3503,1579,2689,3368,2289,2355
gene1663,MMP1622,995,596,862,872,542,590
gene1664,MMP1623,1199,434,894,1073,624,809
gene1665,MMP1624,5161,3338,4475,4777,2791,3586
gene1666,MMP1625,223,180,134,181,112,102
gene1667,MMP1626,2025,898,1504,1927,1273,1416
gene1668,MMP1627,339,72,153,302,166,245
gene1669,MMP1628,8657,4376,6562,6491,5555,5982
gene167,MMP0147,514,312,374,420,426,457
gene1670,MMP1629,4031,2118,2905,2430,2497,2711
gene1671,MMP1630,1931,979,1462,1728,1760,1722
gene1672,MMP1631,130,34,75,311,312,288
gene1673,MMP1632,1023,627,878,941,798,886
gene1674,MMP1633,440,175,273,668,528,568
gene1675,MMP1634,2017,1444,1825,2580,2490,2416
gene1676,MMP1635,1990,902,1246,1400,1162,1338
gene1677,MMP1636,926,359,578,1037,980,1009
gene1678,MMP1637,7130,3678,5615,5047,4811,4902
gene1679,MMP1638,532,221,351,369,341,347
gene168,MMP0148,3340,2480,4164,2438,1986,2287
gene1680,MMP1639,170,56,81,181,141,146
gene1681,MMP1640,12849,8392,10034,2931,2521,2374
gene1682,MMP1641,768,332,487,619,516,592
gene1683,MMP1642,1128,577,880,1441,1277,1282
gene1684,MMP1643,4679,2832,3712,3913,3442,3523
gene1685,MMP1644,2929,977,1844,5007,4514,4548
gene1686,MMP1645,547,140,317,3546,3104,3140
gene1687,MMP1646,3655,1316,2271,1808,1498,1557
gene1688,MMP1647,17950,8298,12870,20861,19355,19176
gene1689,MMP1648,1382,525,943,6741,6167,6344
gene169,MMP0149,1053,452,676,375,390,411
gene1690,MMP1649,181,85,117,116,98,114
gene1691,MMP1650,49,39,59,34,32,30
gene1692,MMP1651,306,236,281,61,81,73
gene1693,MMP1652,2967,1732,2504,327,288,302
gene1694,MMP1653,3125,1080,1914,5057,4683,4705
gene1695,MMP1654,770,335,514,1190,1134,1172
gene1696,MMP1655,728,252,422,1173,1107,1155
gene1697,MMP1656,572,303,497,500,464,550
gene1698,--,0,0,0,0,1,0
gene1699,--,0,0,0,0,0,0
gene17,MMP0012,176,35,101,110,102,95
gene170,MMP0150,3600,1463,2313,4942,4081,4338
gene1700,--,0,0,0,0,0,0
gene1701,--,0,0,0,0,0,0
gene1702,--,4,6,0,15,12,11
gene1703,--,0,0,0,1,0,1
gene1704,MMP1657,1835,797,1227,1852,1783,1921
gene1705,MMP1658,12407,6116,9017,9182,8124,8550
gene1706,MMP1659,1588,808,1217,1929,1807,1722
gene1707,MMP1660,374,196,259,302,307,332
gene1708,MMP1661,238,27,116,253,186,245
gene1709,MMP1662,1018,919,1225,694,707,692
gene171,MMP0151,72,16,28,539,501,544
gene1710,MMP1663,1479,920,1416,1079,1027,1048
gene1711,MMP1664,314,157,233,160,92,134
gene1712,MMP1665,297,113,200,993,917,971
gene1713,MMP1666,141,101,95,10964,9844,9772
gene1714,MMP1667,210,130,124,13313,11365,11914
gene1715,MMP1668,254,98,123,8694,7334,7723
gene1716,MMP1669,165,52,114,4971,4026,4540
gene1717,MMP1670,317,183,237,7917,6562,6988
gene1718,MMP1671,198,90,132,3386,2612,2978
gene1719,MMP1672,33,8,24,642,549,685
gene172,MMP0152,2029,1287,1584,14983,14211,13225
gene1720,MMP1673,52,26,24,611,500,561
gene1721,MMP1674,47,7,25,542,510,536
gene1722,MMP1675,322,192,245,2522,2326,2430
gene1723,MMP1676,441,223,297,2669,2318,2452
gene1724,MMP1677,772,342,615,446,443,493
gene1725,MMP1678,318,132,187,603,547,614
gene1726,MMP1679,1727,518,1119,1985,1687,1854
gene1727,MMP1680,2977,1612,2197,2038,1912,1869
gene1728,MMP1681,3523,1389,2355,3117,2731,2768
gene1729,MMP1682,1482,815,1136,2253,1992,2019
gene173,MMP0153,3447,1991,2769,1841,1980,1993
gene1730,MMP1683,1665,411,839,1894,1705,1772
gene1731,MMP1684,338,94,145,1483,1451,1510
gene1732,MMP1685,5568,3443,4100,5681,5292,5442
gene1733,--,32,7,13,58,47,65
gene1734,MMP1686,2757,1831,2282,1869,1787,1773
gene1735,MMP1687,93,59,54,30,29,47
gene1736,MMP1688,1419,541,950,920,834,876
gene1737,MMP1689,1064,565,761,1541,1447,1425
gene1738,MMP1690,249,126,158,647,601,604
gene1739,MMP1691,79728,50413,65613,39819,34945,34677
gene174,MMP0154,1906,1002,1393,1698,1721,1759
gene1740,MMP1692,75656,52563,67670,37570,34896,34300
gene1741,MMP1693,4599,4141,3361,1897,1724,2083
gene1742,MMP1694,78436,58232,70757,37547,34750,33973
gene1743,MMP1695,59384,35203,48474,27975,25028,24625
gene1744,MMP1696,20068,9683,15278,9038,8078,8095
gene1745,MMP1697,151915,143982,148106,68416,63848,62862
gene1746,MMP1698,1195,395,742,7388,6750,6721
gene1747,MMP1699,696,576,382,218,233,228
gene1748,MMP1700,4768,3205,2721,2141,1895,1893
gene1749,MMP1701,2003,782,1405,1127,1064,1153
gene175,MMP0155,3493,1521,2208,5829,5193,5729
gene1750,MMP1702,4479,2605,3399,2342,2303,2375
gene1751,--,4,0,3,3,2,2
gene1752,MMP1703,1813,567,1131,980,903,967
gene1753,MMP1704,2292,1584,2084,9138,8559,8701
gene1754,MMP1705,1815,827,1212,6140,5589,5926
gene1755,MMP1706,4,1,1,5,7,3
gene1756,MMP1707,10352,5798,8107,26676,25499,24635
gene1757,MMP1708,1339,298,520,1607,1346,1527
gene1758,MMP1709,1697,1035,1539,1282,1236,1476
gene1759,MMP1710,902,408,603,909,747,905
gene176,MMP0156,18212,11460,15355,14590,13902,13917
gene1760,MMP1711,3192,2184,2704,2534,2333,2460
gene1761,MMP1712,3702,1986,2822,2848,2465,2447
gene1762,MMP1713,765,293,475,921,759,853
gene1763,MMP1714,2735,1326,1991,2364,1889,2270
gene1764,MMP1715,1993,1239,1694,1767,1450,1713
gene1765,MMP1716,8872,6617,7932,7870,7002,7595
gene1766,MMP1717,1079,470,622,2257,2102,2275
gene1767,MMP1718,341,123,178,633,581,617
gene1768,MMP1719,550,207,362,4825,4372,4882
gene1769,MMP1720,8392,5584,7382,5286,5228,5451
gene177,MMP0157,2676,1211,1778,1940,1777,1874
gene1770,MMP1721,3709,1830,2851,1887,1818,1971
gene1771,MMP1722,1269,683,1047,1627,1482,1612
gene178,MMP0158,9510,3936,6384,7459,6498,6567
gene179,MMP0159,75,23,36,404,358,370
gene18,MMP0013,3354,1704,2472,2391,2201,2346
gene180,MMP0160,3702,2974,3399,1826,1771,1739
gene181,MMP0161,370,181,257,405,357,406
gene182,MMP0162,2697,1322,1968,513,431,433
gene183,MMP0163,25141,16785,20671,9776,9890,9732
gene184,MMP0164,5918,5564,5989,4156,4040,3886
gene185,MMP0165,278,96,206,267,189,223
gene186,MMP0166,634,398,529,521,463,443
gene187,MMP0167,231,137,187,212,169,165
gene188,MMP0168,142,72,111,123,120,126
gene189,MMP0169,1317,783,1275,820,744,799
gene19,MMP0014,1219,621,952,1249,1197,1240
gene190,MMP0170,875,483,708,461,423,430
gene191,MMP0171,734,413,623,497,461,414
gene192,MMP0172,597,240,376,281,236,286
gene193,MMP0173,702,294,554,856,682,681
gene194,MMP0174,2011,941,1379,3419,3256,3289
gene195,MMP0175,378,135,216,330,268,279
gene196,MMP0176,15183,10104,12581,14304,14517,14266
gene197,MMP0177,699,601,518,703,657,740
gene198,MMP0178,2000,1119,1446,2109,1968,2148
gene199,MMP0179,7531,4812,5988,7835,7606,7578
gene2,--,0,0,0,0,0,0
gene20,MMP0015,935,505,680,905,810,880
gene200,MMP0180,1434,738,1085,1187,1042,1042
gene201,MMP0181,8124,2839,6115,1829,1517,1837
gene202,MMP0182,372,105,223,636,561,644
gene203,MMP0183,4404,2696,3842,5481,5234,5148
gene204,MMP0184,272,100,213,221,171,203
gene205,MMP0185,992,517,668,819,800,792
gene206,MMP0186,866,435,588,626,579,673
gene207,MMP0187,3122,2022,2505,2089,2072,1904
gene208,MMP0188,821,336,547,776,716,735
gene209,--,156,63,92,226,196,205
gene21,MMP0016,628,289,451,686,582,592
gene210,MMP0189,9,1,6,48,44,44
gene211,MMP0190,363,459,541,493,472,474
gene212,MMP0191,174,92,117,208,203,186
gene213,MMP0192,359,240,321,2129,2168,1898
gene214,MMP0193,51,14,30,79,70,71
gene215,MMP0194,2269,1516,2272,1282,1369,1455
gene216,MMP0195,19,7,10,105,95,105
gene217,MMP0196,40,29,33,153,151,166
gene218,MMP0197,2,1,5,31,32,43
gene219,MMP0198,100,36,70,108,107,112
gene22,MMP0017,1700,663,1098,1221,1108,1246
gene220,MMP0199,79,38,73,100,95,104
gene221,MMP0200,65,40,54,73,67,81
gene222,MMP0201,168,90,177,220,196,205
gene223,MMP0202,802,573,586,702,640,683
gene224,MMP0203,90,53,64,62,57,69
gene225,MMP0204,983,560,772,692,621,609
gene226,MMP0205,1057,541,950,498,518,403
gene227,MMP0206,208,72,138,327,281,286
gene228,MMP0207,455,163,283,391,454,400
gene229,MMP0208,101,40,77,285,250,270
gene23,MMP0018,343,119,236,498,480,469
gene230,MMP0209,520,297,432,409,426,415
gene231,MMP0210,281,114,207,147,130,138
gene232,MMP0211,31,10,25,120,96,119
gene233,MMP0212,6969,4119,5423,4683,4293,4353
gene234,MMP0213,1746,821,1167,1012,917,1070
gene235,MMP0214,1382,630,829,915,847,869
gene236,MMP0215,456,277,382,172,180,197
gene237,MMP0216,768,336,467,1550,1365,1389
gene238,MMP0217,53,21,40,172,162,177
gene239,MMP0218,1213,518,752,809,689,743
gene24,MMP0019,125,48,62,384,337,378
gene240,MMP0219,3634,1730,2377,2487,2282,2504
gene241,MMP0220,1475,836,1159,2315,2310,2443
gene242,MMP0221,3012,1682,2696,2040,1765,2087
gene243,MMP0222,93,35,40,198,155,177
gene244,MMP0223,361,179,272,436,402,460
gene245,MMP0224,5072,2171,3557,6322,5763,6053
gene246,MMP0225,1393,642,907,1859,1804,1803
gene247,MMP0226,1168,530,700,1535,1427,1559
gene248,MMP0227,6948,4334,5621,12945,12599,12781
gene249,MMP0228,1225,481,752,787,721,748
gene25,MMP0020,2200,2412,3247,1714,1799,1964
gene250,MMP0229,1298,875,1077,880,856,890
gene251,MMP0230,1494,912,1240,968,932,936
gene252,MMP0231,364,214,265,306,280,292
gene253,MMP0232,783,420,711,587,601,669
gene254,MMP0233,437,261,340,270,261,286
gene255,MMP0234,12502,7010,10409,7671,7484,7401
gene256,MMP0235,5701,3891,5117,4392,4512,4474
gene257,MMP0236,603,322,474,855,802,863
gene258,MMP0237,866,242,488,1069,918,1085
gene259,MMP0238,507,203,290,764,608,826
gene26,MMP0021,422,178,279,419,384,373
gene260,MMP0239,1561,478,918,2076,1931,2094
gene261,MMP0240,774,217,487,934,872,835
gene262,MMP0241,4585,1716,3155,4719,4230,4373
gene263,MMP0242,395,92,229,1119,960,959
gene264,MMP0243,190,60,131,565,525,516
gene265,MMP0244,695,336,485,2729,2711,2550
gene266,MMP0245,5609,3696,4477,7222,6705,7004
gene267,MMP0246,162,39,96,320,277,315
gene268,MMP0247,1102,417,689,1956,1742,1820
gene269,MMP0248,42,46,46,49,46,49
gene27,MMP0022,410,103,250,401,375,376
gene270,MMP0249,2575,841,1312,1353,1155,1184
gene271,MMP0250,19150,11306,15831,13191,12766,12093
gene272,MMP0251,9977,7689,9321,8497,8118,8159
gene273,MMP0252,7841,3623,5559,5466,5003,5107
gene274,MMP0253,28852,18716,25217,5509,4023,4620
gene275,MMP0254,1012,594,742,469,485,460
gene276,MMP0255,2175,957,1540,1739,1494,1533
gene277,MMP0256,3642,1097,2197,3709,2979,3308
gene278,MMP0257,4210,2445,3313,4322,3961,3932
gene279,MMP0258,9611,4014,4896,5750,4892,5426
gene28,MMP0023,2177,1322,1572,1635,1540,1654
gene280,MMP0259,79408,42085,60890,62857,58469,58249
gene281,MMP0260,57071,54954,50949,44770,42768,41534
gene282,MMP0261,1404,410,855,904,770,896
gene283,MMP0262,1061,398,646,751,610,644
gene284,MMP0263,1550,1037,1364,1786,1720,1680
gene285,MMP0264,839,565,808,888,800,833
gene286,MMP0265,161,81,145,306,314,376
gene287,MMP0266,1006,412,659,660,594,618
gene288,MMP0267,1330,814,1036,944,858,874
gene289,MMP0268,1024,567,780,697,681,633
gene29,MMP0024,2639,1691,2194,1896,1835,1950
gene290,MMP0269,522,218,327,572,518,539
gene291,MMP0270,766,265,477,276,390,343
gene292,MMP0271,851,473,625,387,473,469
gene293,MMP0272,840,678,730,347,499,469
gene294,MMP0273,1022,601,727,412,507,554
gene295,MMP0274,1175,680,1049,392,429,467
gene296,MMP0275,309,131,228,601,641,571
gene297,MMP0276,1314,495,908,1579,1417,1387
gene298,MMP0277,2785,1188,1784,1981,1803,1809
gene299,MMP0278,945,1071,1120,852,850,885
gene3,--,3,1,4,1,3,0
gene30,MMP0025,2288,1047,1603,3988,3423,3740
gene300,MMP0279,1807,1393,2013,1545,1421,1437
gene301,MMP0280,1117,669,994,808,820,861
gene302,MMP0281,1951,1177,1671,4105,3874,3792
gene303,MMP0282,1240,569,794,345,301,301
gene304,MMP0283,351,464,517,500,557,539
gene305,MMP0284,6415,3372,4787,8151,7596,7586
gene306,MMP0285,6167,3111,4356,6675,6110,5687
gene307,MMP0286,49,26,25,69,63,74
gene308,MMP0287,1290,758,941,2184,2120,2014
gene309,MMP0288,220,59,136,896,857,823
gene31,MMP0026,7392,4151,6037,32377,31270,30494
gene310,MMP0289,3642,1915,2735,3226,2964,2985
gene311,MMP0290,4915,1501,3103,2738,2453,2456
gene312,MMP0291,3894,2913,3822,7291,7082,7089
gene313,MMP0292,99,9,46,186,183,181
gene314,MMP0293,1397,825,1272,1165,1044,1071
gene315,MMP0294,4229,2796,3459,3695,3469,3491
gene316,MMP0295,4102,1897,3040,3749,3230,3404
gene317,MMP0296,1754,850,1331,7392,7213,7267
gene318,MMP0297,5680,3117,4181,5936,5866,5554
gene319,MMP0298,28878,19118,22807,22251,21927,20711
gene32,--,0,0,0,0,0,0
gene320,MMP0299,4,14,19,15,23,15
gene321,MMP0300,497,288,375,360,293,345
gene322,MMP0301,670,315,431,464,384,404
gene323,MMP0302,2467,1075,1575,1500,1379,1365
gene324,MMP0303,66,13,28,128,127,133
gene325,MMP0304,484,243,365,319,266,266
gene326,MMP0305,657,619,686,480,409,452
gene327,MMP0306,1216,1025,1181,1050,918,990
gene328,MMP0307,205,64,124,273,225,212
gene329,MMP0308,595,199,338,293,255,271
gene33,--,0,0,0,0,0,0
gene330,MMP0309,1260,406,699,716,528,543
gene331,MMP0310,547,208,360,415,394,411
gene332,MMP0311,1035,696,888,592,658,611
gene333,MMP0312,1140,1152,1149,727,774,832
gene334,MMP0313,1238,307,682,882,788,830
gene335,MMP0314,1347,822,1143,1593,1458,1496
gene336,MMP0315,141,46,79,212,158,215
gene337,MMP0316,1269,633,891,2002,1704,1715
gene338,MMP0317,22728,17323,19669,13881,13951,13753
gene339,MMP0318,9728,7214,8685,7610,6576,6630
gene34,--,0,0,0,0,0,0
gene340,MMP0319,570,227,303,283,295,301
gene341,MMP0320,1011,554,767,578,585,556
gene342,MMP0321,568,224,384,662,611,585
gene343,MMP0322,3016,1635,2365,2810,2621,2632
gene344,MMP0323,676,311,491,733,694,670
gene345,MMP0324,114,41,70,192,173,141
gene346,MMP0325,4805,4429,4626,2206,2285,2171
gene347,MMP0326,5961,3677,4604,2198,2204,2150
gene348,MMP0327,1367,927,1329,2121,2022,2140
gene349,MMP0328,813,357,586,1377,1162,1289
gene35,--,0,0,0,0,0,0
gene350,MMP0329,84,83,78,117,100,107
gene351,MMP0330,900,498,730,1427,1382,1338
gene352,MMP0331,748,269,453,772,678,695
gene353,MMP0332,493,377,482,1421,1380,1387
gene354,MMP0333,896,474,725,1519,1436,1509
gene355,MMP0334,326,291,351,655,653,628
gene356,MMP0335,1046,943,1194,1154,1014,1083
gene357,MMP0336,371,141,247,288,240,260
gene358,MMP0337,332,213,266,213,190,169
gene359,MMP0338,892,453,685,780,744,692
gene36,--,0,0,0,0,0,0
gene360,MMP0339,257,122,195,228,200,247
gene361,--,2,0,1,0,0,0
gene362,--,1,0,0,0,0,0
gene363,MMP0340,6663,4435,5942,6546,6976,6576
gene364,MMP0341,5472,3442,4518,4383,4834,4664
gene365,--,0,0,0,0,2,0
gene366,MMP0342,169,43,77,479,409,452
gene367,MMP0343,995,368,596,1710,1582,1471
gene368,MMP0344,4051,1688,2582,2433,2010,2257
gene369,MMP0345,372,205,298,798,614,622
gene37,MMP0027,403,181,312,482,425,440
gene370,MMP0346,2493,1316,1854,2121,1770,1613
gene371,MMP0347,214,32,111,170,140,123
gene372,MMP0348,3067,2141,2848,770,438,513
gene373,MMP0349,958,365,552,477,395,470
gene374,MMP0350,1092,933,1191,587,572,601
gene375,MMP0351,1963,1807,2055,916,949,937
gene376,MMP0352,1521,1134,1594,704,672,762
gene377,MMP0353,2349,2008,2506,1254,1174,1210
gene378,MMP0354,452,197,404,444,413,398
gene379,MMP0355,2195,740,1511,3735,3228,3655
gene38,MMP0028,1330,551,904,744,640,717
gene380,MMP0356,2048,743,1487,1897,1589,1932
gene381,MMP0357,3207,1181,2045,3224,2776,3133
gene382,MMP0358,4583,2054,3529,4740,4254,4906
gene383,MMP0359,6309,3553,5041,4674,4399,4464
gene384,MMP0360,1162,443,725,485,446,434
gene385,MMP0361,156,47,70,226,203,198
gene386,MMP0362,526,221,350,475,442,426
gene387,MMP0363,1108,516,846,694,655,626
gene388,MMP0364,254,123,175,218,210,192
gene389,MMP0365,461,178,268,465,447,449
gene39,MMP0029,2151,611,1194,1378,1045,1275
gene390,MMP0366,579,156,320,527,510,456
gene391,MMP0367,37,9,15,47,36,29
gene392,MMP0368,246,70,149,234,250,236
gene393,MMP0369,41575,22417,34547,21304,20351,21354
gene394,MMP0370,4742,2126,3476,5211,4851,5093
gene395,MMP0371,279,158,241,1355,1350,1427
gene396,MMP0372,61949,47349,52874,12422,11260,11053
gene397,MMP0373,2317,737,1255,1740,1307,1629
gene398,MMP0374,393,163,264,570,495,506
gene399,MMP0375,1278,586,919,1186,1209,1223
gene4,--,0,0,0,0,0,0
gene40,MMP0030,2733,1328,1888,4420,4004,4268
gene400,MMP0376,801,347,565,668,685,660
gene401,MMP0377,787,258,431,539,501,525
gene402,MMP0378,734,352,546,417,360,376
gene403,MMP0379,36,22,17,17,25,24
gene404,MMP0380,1096,601,799,526,578,580
gene405,MMP0381,875,677,821,500,452,439
gene406,MMP0382,4227,2587,3605,2171,1799,1816
gene407,MMP0383,518752,360779,419853,457714,452112,443459
gene408,--,0,0,0,0,2,1
gene409,--,0,0,0,0,0,0
gene41,MMP0031,687,210,388,860,669,752
gene410,MMP0384,513,220,331,1040,952,1002
gene411,MMP0385,1741,616,1124,4050,3391,3690
gene412,MMP0386,11022,2412,4455,6967,5581,6809
gene413,MMP0387,1664,846,1238,1030,938,988
gene414,MMP0388,5892,3444,4525,4852,4455,4452
gene415,MMP0389,123,59,87,86,79,125
gene416,MMP0390,478,307,386,1034,923,980
gene417,MMP0391,9082,5090,7128,7842,7501,7511
gene418,MMP0392,2271,1651,2066,5536,5278,5370
gene419,MMP0393,1879,1049,1329,1827,1662,1767
gene42,MMP0032,92,34,64,146,106,113
gene420,MMP0394,2303,880,1452,1918,1692,1851
gene421,MMP0395,627,285,389,535,488,521
gene422,MMP0396,7219,5502,6535,7891,7780,7513
gene423,MMP0397,8391,6921,8096,7878,7896,7781
gene424,MMP0398,1256,804,1107,1700,1521,1503
gene425,MMP0399,1813,1290,1609,1891,1780,1795
gene426,MMP0400,867,340,643,678,627,651
gene427,MMP0401,513,192,312,1012,897,979
gene428,MMP0402,1661,648,1045,2449,2100,2329
gene429,MMP0403,1162,379,686,1231,1079,1066
gene43,MMP0033,2579,1119,1754,3683,3625,3715
gene430,MMP0404,1043,418,610,1018,806,778
gene431,MMP0405,8734,5848,6871,3289,3219,3128
gene432,MMP0406,367,109,205,499,428,519
gene433,MMP0407,5294,2817,4226,3292,3384,3520
gene434,MMP0408,225,243,269,180,198,181
gene435,MMP0409,783,424,493,652,601,641
gene436,MMP0410,2075,1178,1673,3322,3013,2997
gene437,MMP0411,844,309,583,724,590,683
gene438,MMP0412,1077,482,700,2526,2240,2392
gene439,MMP0413,665,416,550,7234,6420,6520
gene44,MMP0034,3925,2850,3248,5380,5478,5229
gene440,MMP0414,9009,4720,6479,3300,3163,3208
gene441,MMP0415,689,422,573,358,336,376
gene442,MMP0416,181,93,178,117,88,82
gene443,MMP0417,1040,724,872,242,246,257
gene444,MMP0418,1502,1010,1239,335,353,341
gene445,MMP0419,7516,4827,7776,4572,4068,4581
gene446,MMP0420,1584,1073,1294,2106,2001,1945
gene447,MMP0421,2222,1480,1924,2270,2164,2255
gene448,MMP0422,1188,856,933,1193,1031,1109
gene449,MMP0423,982,459,713,1828,1620,1813
gene45,MMP0035,2100,833,1458,3709,3319,3502
gene450,MMP0424,266,49,119,120,97,100
gene451,MMP0425,212,141,166,310,318,352
gene452,MMP0426,311,116,221,319,292,325
gene453,MMP0427,3055,1608,2287,4204,4175,4303
gene454,MMP0428,1850,881,1284,2788,2587,2495
gene455,MMP0429,3185,739,1780,2830,2529,2506
gene456,MMP0430,690,320,451,2570,2398,2479
gene457,MMP0431,1451,1240,1670,1067,982,1026
gene458,MMP0432,1183,563,812,1541,1350,1435
gene459,MMP0433,872,364,549,930,801,867
gene46,MMP0036,1320,751,935,2019,1925,1870
gene460,MMP0434,390,66,156,324,296,324
gene461,MMP0435,46,20,32,231,233,202
gene462,MMP0436,69,34,52,266,240,250
gene463,MMP0437,113,41,87,270,307,295
gene464,MMP0438,517,204,379,636,611,624
gene465,MMP0439,1514,799,1331,1283,1128,1250
gene466,MMP0440,3955,3975,3905,11977,11805,11569
gene467,MMP0441,62,38,35,155,126,108
gene468,MMP0442,2225,1369,1774,5370,4979,4912
gene469,MMP0443,2623,2628,2478,2676,2634,2632
gene47,MMP0037,121,41,81,850,812,831
gene470,MMP0444,713,284,361,1425,1289,1366
gene471,MMP0445,54,7,30,33,36,27
gene472,MMP0446,54,19,42,44,61,71
gene473,MMP0447,1868,972,1495,993,980,1110
gene474,MMP0448,78,72,85,152,129,176
gene475,MMP0449,299,178,252,410,401,476
gene476,MMP0450,292,100,198,431,485,531
gene477,MMP0451,132,70,113,260,242,305
gene478,MMP0452,257,40,127,139,146,151
gene479,MMP0453,1961,1336,2052,1175,1192,1254
gene48,MMP0038,2520,1601,2353,1678,1550,1587
gene480,MMP0454,249,132,193,277,267,231
gene481,MMP0455,1157,495,798,801,691,798
gene482,MMP0456,304,135,203,224,214,213
gene483,MMP0457,13387,6720,10384,33390,30250,29703
gene484,MMP0458,811,395,622,4725,4033,4397
gene485,--,69,31,47,325,331,345
gene486,MMP0459,109,46,91,583,600,538
gene487,MMP0460,1016,343,600,3254,3055,3344
gene488,MMP0461,8,0,2,16,25,30
gene489,MMP0462,57,35,36,165,115,140
gene49,MMP0039,2453,1383,2265,1624,1462,1617
gene490,MMP0463,1830,794,1278,1020,903,1036
gene491,MMP0464,307,102,168,300,267,294
gene492,MMP0465,351,180,247,324,326,315
gene493,MMP0466,20,15,11,9,6,7
gene494,MMP0467,51,42,33,16,15,20
gene495,MMP0468,17,10,17,10,10,10
gene496,MMP0469,34,41,51,17,19,18
gene497,MMP0470,164,174,212,55,74,82
gene498,MMP0471,4,3,7,1,0,1
gene499,MMP0472,62,50,67,34,20,32
gene5,--,0,0,0,0,0,0
gene50,MMP0040,5709,4057,5335,4018,3305,3546
gene500,MMP0473,179,90,156,63,54,52
gene501,MMP0474,97,38,74,129,115,112
gene502,MMP0475,186,56,106,372,324,372
gene503,MMP0476,106,28,60,364,336,369
gene504,MMP0477,107,34,60,151,136,144
gene505,MMP0478,33,8,10,125,84,81
gene506,MMP0479,703,278,460,274,282,223
gene507,MMP0480,1160,265,615,1590,1264,1316
gene508,MMP0481,1320,529,767,1203,1010,1091
gene509,MMP0482,419,115,228,655,524,560
gene51,MMP0041,4742,2585,3816,3195,2835,3137
gene510,MMP0483,67,24,55,90,95,111
gene511,MMP0484,232,94,163,383,370,368
gene512,MMP0485,140,56,105,395,311,432
gene513,MMP0486,25,15,22,29,32,37
gene514,MMP0487,247,155,189,126,116,131
gene515,MMP0488,65,13,28,71,48,66
gene516,MMP0489,582,332,340,288,279,254
gene517,MMP0490,144,114,146,202,161,111
gene518,MMP0491,191,151,241,285,254,150
gene519,MMP0492,311,141,248,431,347,294
gene52,MMP0042,1714,902,1351,1364,1210,1404
gene520,MMP0493,2907,2185,2909,3976,3590,2813
gene521,MMP0494,515,205,376,436,342,372
gene522,MMP0495,366,152,281,285,254,264
gene523,MMP0496,1040,591,873,994,869,898
gene524,MMP0497,110,40,64,147,155,170
gene525,MMP0498,1263,337,757,1902,1693,1694
gene526,MMP0499,144,60,114,205,163,156
gene527,MMP0500,1816,1011,1322,2047,1903,1945
gene528,MMP0501,79,69,83,176,165,178
gene529,MMP0502,423,293,396,1640,1604,1460
gene53,MMP0043,7052,2664,4927,4911,4230,4245
gene530,MMP0503,25,13,24,236,237,177
gene531,MMP0504,185,71,104,81,95,100
gene532,MMP0505,111,71,92,71,60,54
gene533,MMP0506,35,17,26,9,27,17
gene534,MMP0507,114,37,83,20,30,28
gene535,MMP0508,40,25,49,28,23,20
gene536,MMP0509,253,242,271,122,82,100
gene537,MMP0510,161,157,167,61,56,49
gene538,MMP0511,952,444,714,249,238,240
gene539,MMP0512,242,162,213,301,253,278
gene54,MMP0044,8928,7132,8573,5845,5459,5174
gene540,MMP0513,183,52,109,92,85,93
gene541,MMP0514,436,301,361,166,173,133
gene542,MMP0515,12,3,12,27,18,25
gene543,MMP0516,2096,1066,1555,1624,1386,1382
gene544,MMP0517,123,45,75,150,133,146
gene545,MMP0518,30,12,24,80,74,69
gene546,MMP0519,46,6,30,41,36,30
gene547,MMP0520,643,300,510,785,657,756
gene548,MMP0521,206,109,151,151,144,149
gene549,MMP0522,210,81,183,212,165,192
gene55,MMP0045,6002,2631,4553,3486,3089,2963
gene550,MMP0523,75,20,48,41,62,57
gene551,MMP0524,63,18,80,17,27,13
gene552,MMP0525,314,55,365,59,82,82
gene553,MMP0526,734,346,506,475,430,511
gene554,MMP0527,798,358,577,534,523,515
gene555,MMP0528,4055,1201,2238,2761,2389,2453
gene556,MMP0529,507,244,422,357,324,292
gene557,MMP0530,232,100,173,135,119,134
gene558,MMP0531,467,164,260,380,274,294
gene559,MMP0532,1074,591,884,1565,1361,1498
gene56,MMP0046,883,256,567,1584,1333,1348
gene560,MMP0533,461,185,354,929,774,795
gene561,MMP0534,938,427,675,856,781,813
gene562,MMP0535,742,350,467,584,533,613
gene563,MMP0536,185,91,142,110,111,139
gene564,MMP0537,581,237,393,499,506,503
gene565,MMP0538,797,255,528,1361,1114,1335
gene566,MMP0539,4129,3384,4073,4408,4503,4374
gene567,MMP0540,1943,1532,1910,2090,2063,2173
gene568,MMP0541,627,579,746,1042,1070,1114
gene569,MMP0542,1464,1328,1543,1638,1630,1678
gene57,MMP0047,520,245,340,247,200,226
gene570,MMP0543,736,492,616,839,798,844
gene571,MMP0544,1556,871,1285,1941,1836,1965
gene572,MMP0545,2876,1561,2217,3284,3087,3317
gene573,MMP0546,740,449,621,1658,1491,1503
gene574,MMP0547,406,325,416,1702,1567,1603
gene575,MMP0548,1032,569,735,894,855,856
gene576,MMP0549,893,406,554,1083,922,1021
gene577,MMP0550,1670,705,1081,709,613,587
gene578,MMP0551,118,34,62,217,187,181
gene579,MMP0552,50,15,25,202,185,175
gene58,MMP0048,58,19,53,41,26,34
gene580,MMP0553,4069,2080,2703,4638,4179,4286
gene581,MMP0554,245,194,219,201,199,191
gene582,MMP0555,405,171,216,312,285,280
gene583,MMP0556,813,310,522,766,703,712
gene584,MMP0557,180,69,116,170,171,188
gene585,MMP0558,159,63,69,179,138,170
gene586,MMP0559,946,758,1196,576,494,535
gene587,MMP0560,214,88,165,326,294,298
gene588,MMP0561,717,381,501,814,726,725
gene589,MMP0562,89,22,45,216,191,245
gene59,MMP0049,318,234,309,173,179,186
gene590,MMP0563,531,184,317,582,451,491
gene591,MMP0564,437,203,352,933,829,798
gene592,MMP0565,254,85,172,631,547,626
gene593,MMP0566,7518,3781,5920,6470,5703,5651
gene594,MMP0567,1219,758,1006,1042,1000,962
gene595,MMP0568,2141,1152,1698,2047,1870,1780
gene596,MMP0569,1486,855,1231,3100,2957,2984
gene597,MMP0570,163,68,129,595,562,592
gene598,MMP0571,546,275,357,1470,1461,1506
gene599,MMP0572,11868,5718,8469,8351,7566,7894
gene6,MMP0001,964,427,635,770,691,773
gene60,MMP0050,3237,3153,2930,1811,1803,1643
gene600,MMP0573,888,305,510,696,586,641
gene601,MMP0574,101,32,68,189,211,190
gene602,MMP0575,1631,2525,1313,781,820,788
gene603,MMP0576,37338,23678,29458,20223,18636,18864
gene604,MMP0577,5325,4062,4122,2897,2703,2976
gene605,MMP0578,15920,7753,11908,7868,7129,6991
gene606,MMP0579,640,307,473,705,599,662
gene607,MMP0580,609,276,463,735,711,747
gene608,MMP0581,373,122,254,255,241,311
gene609,MMP0582,333,153,263,344,323,316
gene61,MMP0051,444,158,226,593,553,621
gene610,MMP0583,65,9,41,92,65,64
gene611,MMP0584,7955,4415,5986,10472,9696,9979
gene612,MMP0585,5224,3288,4308,3616,3209,3265
gene613,MMP0586,255,86,156,310,229,269
gene614,MMP0587,709,255,450,835,762,725
gene615,MMP0588,1688,880,1208,995,964,963
gene616,MMP0589,659,291,435,1165,988,1005
gene617,MMP0590,1769,637,1128,3801,3350,3449
gene618,MMP0591,3212,1224,2183,2203,1929,2137
gene619,MMP0592,10,7,10,8,2,8
gene62,MMP0052,3053,1372,1987,3455,3145,3271
gene620,MMP0593,5779,3556,4722,4044,3790,3649
gene621,MMP0594,110,45,59,83,63,52
gene622,MMP0595,1095,522,808,813,777,763
gene623,MMP0596,8082,5086,6814,12097,11308,11222
gene624,MMP0597,3503,1316,2393,4407,3857,3986
gene625,MMP0598,879,364,561,6058,5606,5536
gene626,MMP0599,307,89,231,546,535,537
gene627,MMP0600,1982,776,1368,1971,1721,1965
gene628,MMP0601,11666,5057,8384,7441,6648,7450
gene629,MMP0602,1007,425,719,808,736,738
gene63,MMP0053,1392,520,990,997,887,943
gene630,MMP0603,2632,2197,2429,2225,2170,2163
gene631,MMP0604,6077,2921,4357,4769,4369,4418
gene632,MMP0605,2241,1001,1497,3069,2875,2899
gene633,MMP0606,2679,1610,1912,2375,2292,2186
gene634,MMP0607,4502,2200,3224,4277,4233,4262
gene635,MMP0608,3998,2463,3317,3904,3648,3499
gene636,MMP0609,292,171,221,332,276,361
gene637,MMP0610,4582,2276,3445,5063,4788,4811
gene638,MMP0611,1190,526,759,1147,868,1046
gene639,MMP0612,330,67,148,506,437,495
gene64,MMP0054,1335,552,891,918,878,883
gene640,MMP0613,1116,609,769,320,294,343
gene641,MMP0614,201,161,273,302,248,276
gene642,MMP0615,691,519,724,584,548,520
gene643,MMP0616,560,202,361,483,441,499
gene644,MMP0617,565,248,368,339,320,318
gene645,MMP0618,739,526,977,660,616,758
gene646,MMP0619,457,696,821,373,363,456
gene647,MMP0620,11719,9740,12899,8516,9002,9346
gene648,MMP0621,549,199,392,390,361,382
gene649,MMP0622,635,378,602,722,663,736
gene65,MMP0055,1460,760,1124,1114,992,988
gene650,MMP0623,1472,1011,1560,1289,1331,1412
gene651,MMP0624,8017,5687,7212,5572,5400,5832
gene652,MMP0625,17999,15219,14108,17810,15381,15307
gene653,MMP0626,20889,19011,17794,21788,19497,19149
gene654,MMP0627,11317,5557,8082,15554,13154,14454
gene655,MMP0628,515,598,748,541,489,556
gene656,MMP0629,6921,2175,4685,9557,8659,8392
gene657,MMP0630,5999,2621,3809,5268,4576,4154
gene658,MMP0631,922,188,395,426,337,414
gene659,MMP0632,584,224,424,1105,996,1024
gene66,MMP0056,1750,1106,1247,776,717,791
gene660,MMP0633,5125,2734,3772,2303,2203,2273
gene661,MMP0634,539,449,623,951,937,974
gene662,MMP0635,676,608,773,1306,1244,1228
gene663,MMP0636,2611,1894,2356,4093,3848,3922
gene664,MMP0637,492,194,329,1176,1000,1123
gene665,MMP0638,1228,753,1116,4769,4444,4629
gene666,MMP0639,805,781,537,629,726,745
gene667,MMP0640,5270,6129,4740,4073,3879,4489
gene668,MMP0641,26344,10209,17762,20986,19571,20408
gene669,MMP0642,1141,445,698,1038,910,868
gene67,MMP0057,4089,2440,2856,1359,1368,1321
gene670,MMP0643,1810,865,1201,1209,1039,1152
gene671,MMP0644,1445,730,1092,1514,1332,1252
gene672,MMP0645,2177,927,1539,2003,1823,1815
gene673,MMP0646,263,79,144,473,293,218
gene674,MMP0647,522,193,362,584,548,603
gene675,MMP0648,412,199,294,597,507,562
gene676,MMP0649,970,418,677,1252,1111,1153
gene677,MMP0650,8243,5225,6764,5838,5725,5644
gene678,MMP0651,2313,975,1512,1494,1407,1500
gene679,MMP0652,31,5,23,322,307,310
gene68,MMP0058,99193,107750,99520,34079,34145,35646
gene680,MMP0653,493,271,396,270,233,303
gene681,MMP0654,34969,21963,27413,21000,19960,19870
gene682,MMP0655,121,39,57,292,284,321
gene683,MMP0656,1224,361,746,3471,3104,3273
gene684,MMP0657,3059,692,1577,2169,1788,1860
gene685,MMP0658,4514,2762,3461,3294,3239,3142
gene686,MMP0659,556,331,399,640,674,676
gene687,MMP0660,401,220,342,373,359,388
gene688,MMP0661,623,310,445,406,385,334
gene689,MMP0662,8,3,2,7,4,5
gene69,MMP0059,1638,570,989,1907,1755,1820
gene690,MMP0663,1937,1082,1556,992,921,886
gene691,MMP0664,756,386,560,352,300,334
gene692,MMP0665,342,140,270,263,230,232
gene693,MMP0666,7264,4409,5791,4298,4333,4343
gene694,MMP0667,22987,15228,18609,16801,16776,16049
gene695,MMP0668,10161,4880,7118,7315,6684,6713
gene696,MMP0669,21455,19199,19425,13473,13738,13321
gene697,MMP0670,428,223,306,2458,2050,2356
gene698,MMP0671,1,3,0,15,16,18
gene699,MMP0672,235,134,211,606,567,626
gene7,MMP0002,4790,2033,3106,4320,3783,4013
gene70,MMP0060,2440,1199,1466,1588,1382,1781
gene700,MMP0673,108,53,83,333,310,288
gene701,MMP0674,22,2,11,24,20,35
gene702,MMP0675,216,58,122,135,86,106
gene703,MMP0676,890,402,736,942,824,971
gene704,MMP0677,431,251,329,521,488,472
gene705,MMP0678,507,241,413,546,461,572
gene706,MMP0679,7524,4713,6305,9195,8152,8869
gene707,MMP0680,1837,846,1456,2347,2209,2395
gene708,MMP0681,3153,2083,2588,3846,3682,3836
gene709,MMP0682,2140,1072,1515,2174,2066,2076
gene71,MMP0061,14515,7781,10760,12214,11014,11434
gene710,MMP0683,1287,622,888,673,664,698
gene711,MMP0684,4612,1835,3382,6527,5388,5445
gene712,MMP0685,386,164,212,703,562,567
gene713,MMP0686,5271,6857,3550,1088,1054,926
gene714,MMP0687,3065,1734,1612,1492,1386,1414
gene715,MMP0688,5251,2220,3589,6135,5376,5788
gene716,MMP0689,6541,3602,5831,5469,4453,4793
gene717,MMP0690,281,90,149,1808,1538,1718
gene718,MMP0691,201,74,136,1486,1333,1354
gene719,MMP0692,11359,4720,8066,14192,12990,12785
gene72,MMP0062,5211,1217,2903,3930,3310,3583
gene720,MMP0693,427,360,448,8463,8377,7669
gene721,MMP0694,9487,3493,6803,19668,21634,21758
gene722,MMP0695,15967,7736,12318,20150,19814,17421
gene723,MMP0696,2893,1787,2326,1801,1821,1768
gene724,MMP0697,6627,3362,4735,5246,4862,4964
gene725,MMP0698,420,282,296,291,327,323
gene726,MMP0699,692,252,471,642,549,548
gene727,MMP0700,229,103,166,292,288,277
gene728,MMP0701,927,412,657,1292,1211,1153
gene729,MMP0702,1369,785,1125,2032,2021,2110
gene73,MMP0063,2925,1325,2037,3129,3041,3183
gene730,MMP0703,275,78,135,591,541,583
gene731,MMP0704,8459,5206,7195,5036,4877,4896
gene732,MMP0705,1360,681,930,1061,1068,1078
gene733,MMP0706,3095,1706,2462,2005,1908,1984
gene734,MMP0707,3753,1851,2808,2622,2524,2569
gene735,MMP0708,2242,1996,2361,978,905,907
gene736,--,3,0,2,11,22,14
gene737,MMP0709,10224,6563,8804,7453,6417,6418
gene738,MMP0710,690,604,996,2293,2237,2283
gene739,MMP0711,438,275,392,1275,1049,1264
gene74,MMP0064,1772,1395,1580,652,673,446
gene740,MMP0712,979,376,654,880,723,821
gene741,MMP0713,3469,2027,2727,2220,2111,2056
gene742,MMP0714,759,574,723,441,446,439
gene743,MMP0715,3183,2340,2878,1691,1793,1782
gene744,MMP0716,754,252,401,497,483,534
gene745,MMP0717,932,352,548,1328,1145,1159
gene746,MMP0718,3627,1936,3124,1865,1667,1976
gene747,MMP0719,1740,763,1222,1420,1294,1448
gene748,MMP0720,3207,2394,3057,8164,7775,8258
gene749,MMP0721,711,401,576,1940,1617,1786
gene75,MMP0065,6482,3359,5641,2182,2362,1753
gene750,MMP0722,408,214,317,1374,1192,1291
gene751,MMP0723,335,123,220,908,806,864
gene752,MMP0724,134,15,60,521,384,468
gene753,MMP0725,575,152,331,955,886,942
gene754,MMP0726,22,1,4,71,67,60
gene755,MMP0727,1450,763,1012,1292,1160,1076
gene756,MMP0728,842,306,584,836,725,736
gene757,MMP0729,2653,1641,2364,2801,2613,2593
gene758,MMP0730,137,48,62,136,151,167
gene759,MMP0731,22,13,20,33,15,47
gene76,MMP0066,3108,1059,2057,3135,2685,2903
gene760,MMP0732,598,268,443,752,724,635
gene761,MMP0733,275,166,229,420,370,360
gene762,MMP0734,128,63,170,60,63,72
gene763,MMP0735,1335,675,960,800,864,870
gene764,MMP0736,4218,2529,3246,3341,3084,3416
gene765,MMP0737,7493,3525,5380,5804,5370,5496
gene766,MMP0738,1837,862,1243,1201,1148,1187
gene767,MMP0739,808,349,554,424,366,404
gene768,MMP0740,61,31,40,73,48,61
gene769,MMP0741,1,0,4,4,2,3
gene77,MMP0067,125,56,90,149,129,158
gene770,MMP0742,939,452,630,663,633,675
gene771,MMP0743,154,81,113,94,77,106
gene772,MMP0744,9,11,14,5,4,6
gene773,MMP0745,0,0,0,0,0,0
gene774,MMP0746,2,4,1,2,0,7
gene775,MMP0747,6,4,8,9,5,5
gene776,MMP0748,141,149,155,111,91,95
gene777,MMP0749,19,16,15,10,7,13
gene778,MMP0750,7,2,7,2,2,4
gene779,MMP0751,1,0,2,3,5,4
gene78,MMP0068,467,234,327,582,627,606
gene780,MMP0752,95,27,51,123,118,93
gene781,MMP0753,515,283,393,503,432,499
gene782,MMP0754,356,151,272,132,137,160
gene783,MMP0755,1120,935,1254,710,613,653
gene784,MMP0756,492,211,364,287,273,300
gene785,MMP0757,101,49,90,138,94,126
gene786,MMP0758,201,105,137,275,198,231
gene787,MMP0759,236,140,255,379,370,436
gene788,MMP0760,260,53,124,159,123,162
gene789,MMP0761,139,75,114,78,70,74
gene79,MMP0069,139,59,95,110,95,99
gene790,MMP0762,394,372,582,189,199,210
gene791,MMP0763,232,119,168,70,75,105
gene792,MMP0764,52,18,26,98,89,85
gene793,MMP0765,364,158,249,608,572,651
gene794,MMP0766,18,18,22,187,154,164
gene795,MMP0767,161,50,110,280,241,238
gene796,MMP0768,477,266,397,486,470,515
gene797,MMP0769,481,178,346,637,494,523
gene798,MMP0770,344,100,191,200,207,194
gene799,MMP0771,46,15,27,164,137,138
gene8,MMP0003,5155,2875,4043,3902,3547,3417
gene80,MMP0070,250,166,228,358,370,390
gene800,MMP0772,16,16,12,165,129,146
gene801,MMP0773,41,41,48,389,341,339
gene802,MMP0774,10,12,16,128,132,114
gene803,MMP0775,16,5,8,108,71,76
gene804,MMP0776,41,44,40,274,278,331
gene805,MMP0777,77,66,77,697,659,663
gene806,MMP0778,9,4,9,80,67,77
gene807,MMP0779,17,11,19,81,80,96
gene808,MMP0780,141,116,133,891,829,851
gene809,MMP0781,158,106,167,923,861,898
gene81,--,8,2,4,5,4,9
gene810,MMP0782,10,3,14,134,150,125
gene811,--,5,6,5,73,76,86
gene812,MMP0783,670,242,427,743,678,665
gene813,MMP0784,100,29,45,96,82,115
gene814,MMP0785,453,217,361,510,446,500
gene815,MMP0786,11,1,10,59,54,68
gene816,MMP0787,172,52,105,185,200,169
gene817,MMP0788,152,130,178,117,108,146
gene818,MMP0789,192,75,124,125,104,112
gene819,MMP0790,152,59,106,109,107,102
gene82,--,24,6,5,19,28,22
gene820,MMP0791,1,1,1,6,8,13
gene821,MMP0792,252,180,210,223,187,234
gene822,MMP0793,98,38,80,69,56,47
gene823,MMP0794,139,49,81,94,83,112
gene824,MMP0795,254,131,165,330,350,298
gene825,MMP0796,147,64,80,252,226,239
gene826,MMP0797,117,53,88,193,164,165
gene827,MMP0798,200,93,157,54,48,47
gene828,MMP0799,308,295,204,288,296,322
gene829,MMP0800,25,8,16,30,28,26
gene83,MMP0071,613,260,430,622,565,573
gene830,MMP0801,43,24,20,44,28,48
gene831,MMP0802,22,19,22,36,40,43
gene832,MMP0803,44,22,19,49,41,47
gene833,MMP0804,25,10,29,26,30,19
gene834,MMP0805,34,21,21,43,37,46
gene835,MMP0806,42,19,27,80,48,46
gene836,MMP0807,112,59,81,123,129,121
gene837,MMP0808,1086,748,816,963,917,866
gene838,MMP0809,967,421,660,704,653,697
gene839,MMP0810,382,127,204,814,742,687
gene84,MMP0072,803,434,600,415,418,399
gene840,MMP0811,467,104,299,678,549,606
gene841,MMP0812,1718,944,1359,1768,1619,1734
gene842,MMP0813,199,73,119,266,248,289
gene843,MMP0814,1710,1040,1522,2303,2142,2394
gene844,MMP0815,2117,1289,1952,3718,3371,3703
gene845,MMP0816,167,22,34,88,79,96
gene846,MMP0817,35,22,27,66,26,38
gene847,MMP0818,15,13,13,28,25,20
gene848,MMP0819,17,18,10,12,9,13
gene849,MMP0820,30,26,29,46,39,43
gene85,MMP0073,9241,5770,7660,5592,5247,5159
gene850,MMP0821,4,1,6,3,8,4
gene851,MMP0822,26,12,20,21,21,15
gene852,MMP0823,59,101,74,70,49,52
gene853,MMP0824,77,40,50,66,52,40
gene854,MMP0825,159,95,117,81,68,68
gene855,MMP0826,145,59,104,225,231,204
gene856,MMP0827,243,109,189,94,97,99
gene857,MMP0828,232,88,128,150,153,140
gene858,MMP0829,41,31,45,43,42,36
gene859,MMP0830,100,70,101,83,84,98
gene86,MMP0074,345,117,223,676,598,629
gene860,MMP0831,60,34,28,69,45,53
gene861,MMP0832,150,57,106,141,95,102
gene862,MMP0833,128,91,125,111,84,105
gene863,MMP0834,66,26,46,161,130,170
gene864,MMP0835,178,53,134,262,187,183
gene865,MMP0836,186,86,131,157,199,150
gene866,MMP0837,69,23,39,93,108,76
gene867,MMP0838,184,49,114,210,189,216
gene868,MMP0839,1460,644,928,2091,1816,1860
gene869,MMP0840,415,149,240,514,451,513
gene87,MMP0075,462,88,213,1973,1806,1871
gene870,MMP0841,309,90,192,2374,1980,2145
gene871,MMP0842,141,49,102,585,531,531
gene872,MMP0843,98,24,51,143,128,160
gene873,MMP0844,540,258,390,1156,1073,1097
gene874,MMP0845,123,57,80,215,194,218
gene875,MMP0846,614,166,329,640,580,571
gene876,MMP0847,100,53,74,151,145,168
gene877,MMP0848,44,80,58,71,50,52
gene878,MMP0849,477,178,281,1563,1321,1397
gene879,MMP0850,340,93,205,1114,929,947
gene88,MMP0076,153729,154356,141818,117378,105960,104601
gene880,MMP0851,702,232,382,564,520,541
gene881,MMP0852,612,299,429,545,494,541
gene882,MMP0853,1953,2011,2338,804,1033,672
gene883,MMP0854,418,414,406,154,167,113
gene884,MMP0855,484,637,601,185,248,170
gene885,MMP0856,2263,2022,2355,777,1142,765
gene886,MMP0857,1872,1719,2093,788,1027,700
gene887,MMP0858,1280,1021,1273,596,774,522
gene888,MMP0859,830,734,1072,330,400,286
gene889,MMP0860,117,68,106,69,70,77
gene89,MMP0077,632,271,470,602,483,554
gene890,MMP0861,1378,476,934,4154,3881,3717
gene891,MMP0862,474,97,236,1230,1158,1202
gene892,MMP0863,122,73,131,217,259,218
gene893,MMP0864,109,55,99,290,316,314
gene894,MMP0865,3558,2092,2876,8213,8225,7734
gene895,MMP0866,18658,11808,15034,9515,10045,9407
gene896,MMP0867,4886,2178,3741,3376,3957,3436
gene897,MMP0868,3451,1223,2492,3808,3848,3394
gene898,MMP0869,115,72,107,171,146,178
gene899,MMP0870,369,163,267,369,380,370
gene9,MMP0004,933,663,813,760,774,786
gene90,MMP0078,1120,481,723,574,501,541
gene900,MMP0871,386,200,270,462,428,462
gene901,MMP0872,1130,662,902,1134,1080,1117
gene902,MMP0873,3408,1921,2638,4131,3696,3907
gene903,MMP0874,1640,663,1067,1457,1009,1039
gene904,MMP0875,1161,685,853,592,424,411
gene905,MMP0876,891,435,645,744,668,723
gene906,MMP0877,1058,562,739,863,924,802
gene907,MMP0878,1145,548,779,995,904,917
gene908,MMP0879,4312,3752,4609,3286,3251,3218
gene909,MMP0880,2184,1099,1705,2209,2108,2149
gene91,MMP0079,2322,726,1502,1632,1416,1461
gene910,MMP0881,316,120,179,358,334,325
gene911,MMP0882,1700,631,1096,622,616,629
gene912,MMP0883,5019,2091,3270,4132,3764,3934
gene913,MMP0884,4175,1538,2600,3604,3058,3212
gene914,MMP0885,1971,903,1216,4366,3909,4016
gene915,MMP0886,1692,398,853,3445,2990,3140
gene916,MMP0887,491,244,335,2132,1587,1565
gene917,MMP0888,1795,814,1030,1554,1069,1182
gene918,MMP0889,15844,10154,13880,13090,10298,10084
gene919,MMP0890,1653,767,1108,1210,1193,1168
gene92,MMP0080,5803,4797,5766,6703,6964,6858
gene920,MMP0891,878,376,595,1048,915,1038
gene921,MMP0892,115,26,78,83,90,61
gene922,MMP0893,8025,4466,5912,12557,11617,11567
gene923,MMP0894,5777,3782,4552,7344,6820,6763
gene924,MMP0895,252,70,128,2024,1803,2074
gene925,MMP0896,235,66,138,1614,1463,1549
gene926,MMP0897,2822,1516,2122,2898,2529,2511
gene927,MMP0898,7765,4710,6326,15678,14446,15245
gene928,MMP0899,330,154,281,342,324,323
gene929,MMP0900,201,93,133,222,222,207
gene93,MMP0081,9533,7737,9021,11237,12011,11565
gene930,MMP0901,3991,2082,2971,8728,8031,8283
gene931,MMP0902,510,169,329,717,627,711
gene932,MMP0903,35,6,17,93,77,92
gene933,MMP0904,4039,1735,2728,2734,2443,2530
gene934,MMP0905,500,484,493,706,684,669
gene935,MMP0906,352,171,240,633,538,593
gene936,MMP0907,344,192,271,393,408,400
gene937,MMP0908,1574,740,1139,1566,1395,1395
gene938,MMP0909,837,290,530,1036,830,976
gene939,MMP0910,480,173,317,793,669,801
gene94,MMP0082,4885,3530,4227,5509,5499,5590
gene940,MMP0911,1445,523,982,1905,1716,1774
gene941,MMP0912,200,53,99,132,122,156
gene942,MMP0913,338,65,181,285,248,295
gene943,MMP0914,2130,945,1360,1749,1456,1641
gene944,MMP0915,919,220,426,830,755,1072
gene945,MMP0916,2446,623,1237,2236,2042,2366
gene946,MMP0917,2489,1140,1763,6113,5740,5787
gene947,MMP0918,2216,1208,1688,6376,5757,5609
gene948,MMP0919,2145,1315,1791,2869,2549,2423
gene949,MMP0920,4853,4455,5338,4619,4638,4581
gene95,MMP0083,8404,5008,6534,9683,9311,9866
gene950,MMP0921,373,204,253,241,209,197
gene951,MMP0922,393,168,250,796,752,743
gene952,MMP0923,1650,1127,1505,2443,2504,2494
gene953,MMP0924,410,199,287,762,718,700
gene954,MMP0925,410,268,312,1035,889,944
gene955,MMP0926,1337,915,1185,2857,2708,2892
gene956,MMP0927,3161,1734,2299,6735,6240,6382
gene957,MMP0928,231,114,170,418,395,479
gene958,MMP0929,922,366,646,2042,1699,1778
gene959,MMP0930,297,162,155,1527,1503,1631
gene96,MMP0084,693,250,448,1330,1114,1207
gene960,MMP0931,722,378,499,1555,1377,1402
gene961,MMP0932,975,419,666,2196,1888,2130
gene962,MMP0933,695,496,487,1834,1683,1737
gene963,MMP0934,1252,547,876,1009,850,911
gene964,MMP0935,430,246,360,443,398,416
gene965,MMP0936,926,603,805,804,732,811
gene966,MMP0937,1177,733,1034,1055,895,942
gene967,MMP0938,836,248,584,1034,962,879
gene968,MMP0939,1836,907,1316,1886,1783,1880
gene969,MMP0940,483,239,371,488,427,437
gene97,MMP0085,1483,856,1180,2514,2266,2289
gene970,MMP0941,1173,577,864,2194,1929,1925
gene971,MMP0942,718,389,629,1144,1001,1053
gene972,MMP0943,1051,618,831,995,928,959
gene973,MMP0944,821,306,633,865,865,853
gene974,MMP0945,2638,1540,2020,1278,1192,1317
gene975,MMP0946,9116,4843,7028,7464,7012,6858
gene976,MMP0947,3022,1703,2414,1950,1836,1816
gene977,MMP0948,3699,1312,2366,4411,4044,4273
gene978,MMP0949,872,322,615,5054,4887,5112
gene979,MMP0950,772,264,455,2677,2499,2662
gene98,MMP0086,810,651,796,1402,1265,1277
gene980,MMP0951,465,165,266,1384,1414,1358
gene981,MMP0952,5530,3431,4501,5593,5035,5153
gene982,MMP0953,2777,1066,1859,8945,8134,9215
gene983,MMP0954,325,134,207,264,191,248
gene984,MMP0955,3913,2360,3024,2510,2463,2554
gene985,MMP0956,6893,4221,5315,5870,5778,5881
gene986,MMP0957,48,9,20,90,87,77
gene987,MMP0958,120,90,120,104,95,113
gene988,MMP0959,858,778,970,819,862,885
gene989,MMP0960,361,145,254,106,98,102
gene99,MMP0087,3951,2010,3178,3344,2923,2920
gene990,MMP0961,15577,10655,13069,7119,6903,7171
gene991,MMP0962,145,67,104,51,65,83
gene992,MMP0963,5422,3280,4050,2138,2020,2123
gene993,MMP0964,343,97,228,246,196,244
gene994,MMP0965,8040,4630,6105,5281,4820,4489
gene995,MMP0966,890,670,854,828,888,872
gene996,MMP0967,865,341,580,818,764,802
gene997,MMP0968,3940,2143,3011,3565,3411,3263
gene998,MMP0969,659,260,385,516,473,518
gene999,MMP0970,1798,976,1302,2593,2336,2564
Novel00001,--,0,0,0,0,0,0
Novel00002,--,0,0,0,0,0,0
Novel00003,--,0,0,1,3,0,1
Novel00004,--,0,0,0,0,0,0
Novel00005,--,0,0,0,0,0,0
Novel00006,--,1,0,2,2,3,4
Novel00007,--,0,0,0,0,0,0
Novel00008,--,0,0,0,0,0,0
Novel00009,--,0,0,0,0,0,0
Novel00010,--,0,0,0,0,0,0
Novel00011,MMP0218,17751,7756,7854,18539,16078,18536
Novel00012,--,0,0,0,0,0,0
sRNA00001,--,0,0,0,0,0,0
sRNA00002,--,0,0,0,0,0,0
sRNA00003,--,0,0,0,1,3,5
sRNA00004,--,0,0,0,0,0,0
sRNA00007,--,0,0,0,0,0,0
sRNA00008,--,100,14,35,1432,1264,1432
sRNA00011,--,0,0,0,0,0,0
sRNA00013,--,0,0,0,1,0,0
sRNA00015,--,1385,243,577,36663,29627,36568
sRNA00018,--,78,23,51,5935,5218,5461
sRNA00019,--,0,0,0,0,0,0
sRNA00025,--,4,6,2,8,7,9
sRNA00028,--,6512,2847,4605,5789,4525,3809
sRNA00031,--,1,3,1,40,64,53
sRNA00046,--,132,99,87,45,47,57
sRNA00047,--,152,20,79,17206,14896,18389
